{"metadata":{"modules":{"imports":[],"exports":{"exported":[],"specifiers":[]}},"usedHelpers":[]},"ignored":false,"code":"angular.module('angular-meteor.reactive', ['angular-meteor.utilities', 'angular-meteor.mixer', 'angular-meteor.core', 'angular-meteor.view-model'])\n\n/*\n  A mixin which enhance our reactive abilities by providing methods that are capable of updating\n  our scope reactively.\n */\n.factory('$$Reactive', ['$parse', '$$utils', '$angularMeteorSettings', function ($parse, $$utils, $angularMeteorSettings) {\n  function $$Reactive() {\n    var vm = arguments.length <= 0 || arguments[0] === undefined ? this : arguments[0];\n\n    // Helps us track changes made in the view model\n    vm.$$dependencies = {};\n  }\n\n  // Gets an object containing functions and define their results as reactive properties.\n  // Once a return value has been changed the property will be reset.\n  $$Reactive.helpers = function () {\n    var _this = this;\n\n    var props = arguments.length <= 0 || arguments[0] === undefined ? {} : arguments[0];\n\n    if (!_.isObject(props)) throw Error('argument 1 must be an object');\n\n    _.each(props, function (v, k, i) {\n      if (!_.isFunction(v)) throw Error('helper ' + (i + 1) + ' must be a function');\n\n      if (!_this.$$vm.$$dependencies[k])\n        // Registers a new dependency to the specified helper\n        _this.$$vm.$$dependencies[k] = new Tracker.Dependency();\n\n      _this.$$setFnHelper(k, v);\n    });\n  };\n\n  // Gets a model reactively\n  $$Reactive.getReactively = function (k) {\n    var isDeep = arguments.length <= 1 || arguments[1] === undefined ? false : arguments[1];\n\n    if (!_.isBoolean(isDeep)) throw Error('argument 2 must be a boolean');\n\n    return this.$$reactivateEntity(k, this.$watch, isDeep);\n  };\n\n  // Gets a collection reactively\n  $$Reactive.getCollectionReactively = function (k) {\n    return this.$$reactivateEntity(k, this.$watchCollection);\n  };\n\n  // Gets an entity reactively, and once it has been changed the computation will be recomputed\n  $$Reactive.$$reactivateEntity = function (k, watcher) {\n    if (!_.isString(k)) throw Error('argument 1 must be a string');\n\n    if (!this.$$vm.$$dependencies[k]) {\n      this.$$vm.$$dependencies[k] = new Tracker.Dependency();\n\n      for (var _len = arguments.length, watcherArgs = Array(_len > 2 ? _len - 2 : 0), _key = 2; _key < _len; _key++) {\n        watcherArgs[_key - 2] = arguments[_key];\n      }\n\n      this.$$watchEntity.apply(this, [k, watcher].concat(watcherArgs));\n    }\n\n    this.$$vm.$$dependencies[k].depend();\n    return $parse(k)(this.$$vm);\n  };\n\n  // Watches for changes in the view model, and if so will notify a change\n  $$Reactive.$$watchEntity = function (k, watcher) {\n    var _this2 = this;\n\n    // Gets a deep property from the view model\n    var getVal = _.partial($parse(k), this.$$vm);\n    var initialVal = getVal();\n\n    // Watches for changes in the view model\n\n    for (var _len2 = arguments.length, watcherArgs = Array(_len2 > 2 ? _len2 - 2 : 0), _key2 = 2; _key2 < _len2; _key2++) {\n      watcherArgs[_key2 - 2] = arguments[_key2];\n    }\n\n    watcher.call.apply(watcher, [this, getVal, function (val, oldVal) {\n      var hasChanged = val !== initialVal || val !== oldVal;\n\n      // Notify if a change has been detected\n      if (hasChanged) _this2.$$changed(k);\n    }].concat(watcherArgs));\n  };\n\n  // Invokes a function and sets the return value as a property\n  $$Reactive.$$setFnHelper = function (k, fn) {\n    var _this3 = this;\n\n    this.autorun(function (computation) {\n      // Invokes the reactive functon\n      var model = fn.apply(_this3.$$vm);\n\n      // Ignore notifications made by the following handler\n      Tracker.nonreactive(function () {\n        // If a cursor, observe its changes and update acoordingly\n        if ($$utils.isCursor(model)) {\n          (function () {\n            var observation = _this3.$$handleCursor(k, model);\n\n            computation.onInvalidate(function () {\n              observation.stop();\n              _this3.$$vm[k].splice(0);\n            });\n          })();\n        } else {\n          _this3.$$handleNonCursor(k, model);\n        }\n\n        // Notify change and update the view model\n        _this3.$$changed(k);\n      });\n    });\n  };\n\n  // Sets a value helper as a setter and a getter which will notify computations once used\n  $$Reactive.$$setValHelper = function (k, v) {\n    var _this4 = this;\n\n    var watch = arguments.length <= 2 || arguments[2] === undefined ? true : arguments[2];\n\n    // If set, reactives property\n    if (watch) {\n      var isDeep = _.isObject(v);\n      this.getReactively(k, isDeep);\n    }\n\n    Object.defineProperty(this.$$vm, k, {\n      configurable: true,\n      enumerable: true,\n\n      get: function () {\n        return v;\n      },\n      set: function (newVal) {\n        v = newVal;\n        _this4.$$changed(k);\n      }\n    });\n  };\n\n  // Fetching a cursor and updates properties once the result set has been changed\n  $$Reactive.$$handleCursor = function (k, cursor) {\n    var _this5 = this;\n\n    // If not defined set it\n    if (angular.isUndefined(this.$$vm[k])) {\n      this.$$setValHelper(k, cursor.fetch(), false);\n    }\n    // If defined update it\n    else {\n        var diff = jsondiffpatch.diff(this.$$vm[k], cursor.fetch());\n        jsondiffpatch.patch(this.$$vm[k], diff);\n      }\n\n    // Observe changes made in the result set\n    var observation = cursor.observe({\n      addedAt: function (doc, atIndex) {\n        if (!observation) return;\n        _this5.$$vm[k].splice(atIndex, 0, doc);\n        _this5.$$changed(k);\n      },\n      changedAt: function (doc, oldDoc, atIndex) {\n        var diff = jsondiffpatch.diff(_this5.$$vm[k][atIndex], doc);\n        jsondiffpatch.patch(_this5.$$vm[k][atIndex], diff);\n        _this5.$$changed(k);\n      },\n      movedTo: function (doc, fromIndex, toIndex) {\n        _this5.$$vm[k].splice(fromIndex, 1);\n        _this5.$$vm[k].splice(toIndex, 0, doc);\n        _this5.$$changed(k);\n      },\n      removedAt: function (oldDoc, atIndex) {\n        _this5.$$vm[k].splice(atIndex, 1);\n        _this5.$$changed(k);\n      }\n    });\n\n    return observation;\n  };\n\n  $$Reactive.$$handleNonCursor = function (k, data) {\n    var v = this.$$vm[k];\n\n    if (angular.isDefined(v)) {\n      delete this.$$vm[k];\n      v = null;\n    }\n\n    if (angular.isUndefined(v)) {\n      this.$$setValHelper(k, data);\n    }\n    // Update property if the new value is from the same type\n    else if ($$utils.areSiblings(v, data)) {\n        var diff = jsondiffpatch.diff(v, data);\n        jsondiffpatch.patch(v, diff);\n        this.$$changed(k);\n      } else {\n        this.$$vm[k] = data;\n      }\n  };\n\n  // Notifies dependency in view model\n  $$Reactive.$$depend = function (k) {\n    this.$$vm.$$dependencies[k].depend();\n  };\n\n  // Notifies change in view model\n  $$Reactive.$$changed = function (k) {\n    this.$$throttledDigest();\n    this.$$vm.$$dependencies[k].changed();\n  };\n\n  return $$Reactive;\n}]);","ast":null,"map":{"version":3,"sources":["/modules/reactive.js"],"names":[],"mappings":"AAAA,OAAO,CAAC,MAAM,CAAC,yBAAyB,EAAE,CACxC,0BAA0B,EAC1B,sBAAsB,EACtB,qBAAqB,EACrB,2BAA2B,CAC5B,CAAC;;;;;;CAOD,OAAO,CAAC,YAAY,EAAE,CACrB,QAAQ,EACR,SAAS,EACT,wBAAwB,EAE1B,UAAS,MAAM,EAAE,OAAO,EAAE,sBAAsB,EAAE;AAChD,WAAS,UAAU,GAAY;QAAX,EAAE,yDAAG,IAAI;;;AAE3B,MAAE,CAAC,cAAc,GAAG,EAAE,CAAC;GACxB;;;;AAID,YAAU,CAAC,OAAO,GAAG,YAAqB;;;QAAZ,KAAK,yDAAG,EAAE;;AACtC,QAAI,CAAC,CAAC,CAAC,QAAQ,CAAC,KAAK,CAAC,EACpB,MAAM,KAAK,CAAC,8BAA8B,CAAC,CAAC;;AAE9C,KAAC,CAAC,IAAI,CAAC,KAAK,EAAE,UAAC,CAAC,EAAE,CAAC,EAAE,CAAC,EAAK;AACzB,UAAI,CAAC,CAAC,CAAC,UAAU,CAAC,CAAC,CAAC,EAClB,MAAM,KAAK,cAAW,CAAC,GAAG,CAAC,CAAA,yBAAsB,CAAC;;AAEpD,UAAI,CAAC,MAAK,IAAI,CAAC,cAAc,CAAC,CAAC,CAAC;;AAE9B,cAAK,IAAI,CAAC,cAAc,CAAC,CAAC,CAAC,GAAG,IAAI,OAAO,CAAC,UAAU,EAAE,CAAC;;AAEzD,YAAK,aAAa,CAAC,CAAC,EAAE,CAAC,CAAC,CAAC;KAC1B,CAAC,CAAC;GACJ,CAAC;;;AAGF,YAAU,CAAC,aAAa,GAAG,UAAS,CAAC,EAAkB;QAAhB,MAAM,yDAAG,KAAK;;AACnD,QAAI,CAAC,CAAC,CAAC,SAAS,CAAC,MAAM,CAAC,EACtB,MAAM,KAAK,CAAC,8BAA8B,CAAC,CAAC;;AAE9C,WAAO,IAAI,CAAC,kBAAkB,CAAC,CAAC,EAAE,IAAI,CAAC,MAAM,EAAE,MAAM,CAAC,CAAC;GACxD,CAAC;;;AAGF,YAAU,CAAC,uBAAuB,GAAG,UAAS,CAAC,EAAE;AAC/C,WAAO,IAAI,CAAC,kBAAkB,CAAC,CAAC,EAAE,IAAI,CAAC,gBAAgB,CAAC,CAAC;GAC1D,CAAC;;;AAGF,YAAU,CAAC,kBAAkB,GAAG,UAAS,CAAC,EAAE,OAAO,EAAkB;AACnE,QAAI,CAAC,CAAC,CAAC,QAAQ,CAAC,CAAC,CAAC,EAChB,MAAM,KAAK,CAAC,6BAA6B,CAAC,CAAC;;AAE7C,QAAI,CAAC,IAAI,CAAC,IAAI,CAAC,cAAc,CAAC,CAAC,CAAC,EAAE;AAChC,UAAI,CAAC,IAAI,CAAC,cAAc,CAAC,CAAC,CAAC,GAAG,IAAI,OAAO,CAAC,UAAU,EAAE,CAAC;;wCALH,WAAW;AAAX,mBAAW;;;AAM/D,UAAI,CAAC,aAAa,MAAA,CAAlB,IAAI,GAAe,CAAC,EAAE,OAAO,SAAK,WAAW,EAAC,CAAC;KAChD;;AAED,QAAI,CAAC,IAAI,CAAC,cAAc,CAAC,CAAC,CAAC,CAAC,MAAM,EAAE,CAAC;AACrC,WAAO,MAAM,CAAC,CAAC,CAAC,CAAC,IAAI,CAAC,IAAI,CAAC,CAAC;GAC7B,CAAC;;;AAGF,YAAU,CAAC,aAAa,GAAG,UAAS,CAAC,EAAE,OAAO,EAAkB;;;;AAE9D,QAAI,MAAM,GAAG,CAAC,CAAC,OAAO,CAAC,MAAM,CAAC,CAAC,CAAC,EAAE,IAAI,CAAC,IAAI,CAAC,CAAC;AAC7C,QAAI,UAAU,GAAG,MAAM,EAAE,CAAC;;;;uCAHuB,WAAW;AAAX,iBAAW;;;AAM5D,WAAO,CAAC,IAAI,MAAA,CAAZ,OAAO,GAAM,IAAI,EAAE,MAAM,EAAE,UAAC,GAAG,EAAE,MAAM,EAAK;AAC1C,UAAI,UAAU,GACZ,GAAG,KAAK,UAAU,IAClB,GAAG,KAAK,MAAM,CAAC;;;AAGjB,UAAI,UAAU,EAAE,OAAK,SAAS,CAAC,CAAC,CAAC,CAAC;KACnC,SAAK,WAAW,EAAC,CAAC;GACpB,CAAC;;;AAGF,YAAU,CAAC,aAAa,GAAG,UAAS,CAAC,EAAE,EAAE,EAAE;;;AACzC,QAAI,CAAC,OAAO,CAAC,UAAC,WAAW,EAAK;;AAE5B,UAAI,KAAK,GAAG,EAAE,CAAC,KAAK,CAAC,OAAK,IAAI,CAAC,CAAC;;;AAGhC,aAAO,CAAC,WAAW,CAAC,YAAM;;AAExB,YAAI,OAAO,CAAC,QAAQ,CAAC,KAAK,CAAC,EAAE;;AAC3B,gBAAI,WAAW,GAAG,OAAK,cAAc,CAAC,CAAC,EAAE,KAAK,CAAC,CAAC;;AAEhD,uBAAW,CAAC,YAAY,CAAC,YAAM;AAC7B,yBAAW,CAAC,IAAI,EAAE,CAAC;AACnB,qBAAK,IAAI,CAAC,CAAC,CAAC,CAAC,MAAM,CAAC,CAAC,CAAC,CAAC;aACxB,CAAC,CAAC;;SACJ,MACI;AACH,iBAAK,iBAAiB,CAAC,CAAC,EAAE,KAAK,CAAC,CAAC;SAClC;;;AAGD,eAAK,SAAS,CAAC,CAAC,CAAC,CAAC;OACnB,CAAC,CAAC;KACJ,CAAC,CAAC;GACJ,CAAC;;;AAGF,YAAU,CAAC,cAAc,GAAG,UAAS,CAAC,EAAE,CAAC,EAAgB;;;QAAd,KAAK,yDAAG,IAAI;;;AAErD,QAAI,KAAK,EAAE;AACT,UAAI,MAAM,GAAG,CAAC,CAAC,QAAQ,CAAC,CAAC,CAAC,CAAC;AAC3B,UAAI,CAAC,aAAa,CAAC,CAAC,EAAE,MAAM,CAAC,CAAC;KAC/B;;AAED,UAAM,CAAC,cAAc,CAAC,IAAI,CAAC,IAAI,EAAE,CAAC,EAAE;AAClC,kBAAY,EAAE,IAAI;AAClB,gBAAU,EAAE,IAAI;;AAEhB,SAAG,EAAE,YAAM;AACT,eAAO,CAAC,CAAC;OACV;AACD,SAAG,EAAE,UAAC,MAAM,EAAK;AACf,SAAC,GAAG,MAAM,CAAC;AACX,eAAK,SAAS,CAAC,CAAC,CAAC,CAAC;OACnB;KACF,CAAC,CAAC;GACJ,CAAC;;;AAGF,YAAU,CAAC,cAAc,GAAG,UAAS,CAAC,EAAE,MAAM,EAAE;;;;AAE9C,QAAI,OAAO,CAAC,WAAW,CAAC,IAAI,CAAC,IAAI,CAAC,CAAC,CAAC,CAAC,EAAE;AACrC,UAAI,CAAC,cAAc,CAAC,CAAC,EAAE,MAAM,CAAC,KAAK,EAAE,EAAE,KAAK,CAAC,CAAC;KAC/C;;SAEI;AACH,YAAI,IAAI,GAAG,aAAa,CAAC,IAAI,CAAC,IAAI,CAAC,IAAI,CAAC,CAAC,CAAC,EAAE,MAAM,CAAC,KAAK,EAAE,CAAC,CAAC;AAC5D,qBAAa,CAAC,KAAK,CAAC,IAAI,CAAC,IAAI,CAAC,CAAC,CAAC,EAAE,IAAI,CAAC,CAAC;OACzC;;;AAGD,QAAI,WAAW,GAAG,MAAM,CAAC,OAAO,CAAC;AAC/B,aAAO,EAAE,UAAC,GAAG,EAAE,OAAO,EAAK;AACzB,YAAI,CAAC,WAAW,EAAE,OAAO;AACzB,eAAK,IAAI,CAAC,CAAC,CAAC,CAAC,MAAM,CAAC,OAAO,EAAE,CAAC,EAAE,GAAG,CAAC,CAAC;AACrC,eAAK,SAAS,CAAC,CAAC,CAAC,CAAC;OACnB;AACD,eAAS,EAAE,UAAC,GAAG,EAAE,MAAM,EAAE,OAAO,EAAK;AACnC,YAAI,IAAI,GAAG,aAAa,CAAC,IAAI,CAAC,OAAK,IAAI,CAAC,CAAC,CAAC,CAAC,OAAO,CAAC,EAAE,GAAG,CAAC,CAAC;AAC1D,qBAAa,CAAC,KAAK,CAAC,OAAK,IAAI,CAAC,CAAC,CAAC,CAAC,OAAO,CAAC,EAAE,IAAI,CAAC,CAAC;AACjD,eAAK,SAAS,CAAC,CAAC,CAAC,CAAC;OACnB;AACD,aAAO,EAAE,UAAC,GAAG,EAAE,SAAS,EAAE,OAAO,EAAK;AACpC,eAAK,IAAI,CAAC,CAAC,CAAC,CAAC,MAAM,CAAC,SAAS,EAAE,CAAC,CAAC,CAAC;AAClC,eAAK,IAAI,CAAC,CAAC,CAAC,CAAC,MAAM,CAAC,OAAO,EAAE,CAAC,EAAE,GAAG,CAAC,CAAC;AACrC,eAAK,SAAS,CAAC,CAAC,CAAC,CAAC;OACnB;AACD,eAAS,EAAE,UAAC,MAAM,EAAE,OAAO,EAAK;AAC9B,eAAK,IAAI,CAAC,CAAC,CAAC,CAAC,MAAM,CAAC,OAAO,EAAE,CAAC,CAAC,CAAC;AAChC,eAAK,SAAS,CAAC,CAAC,CAAC,CAAC;OACnB;KACF,CAAC,CAAC;;AAEH,WAAO,WAAW,CAAC;GACpB,CAAC;;AAEF,YAAU,CAAC,iBAAiB,GAAG,UAAS,CAAC,EAAE,IAAI,EAAE;AAC/C,QAAI,CAAC,GAAG,IAAI,CAAC,IAAI,CAAC,CAAC,CAAC,CAAC;;AAErB,QAAI,OAAO,CAAC,SAAS,CAAC,CAAC,CAAC,EAAE;AACxB,aAAO,IAAI,CAAC,IAAI,CAAC,CAAC,CAAC,CAAC;AACpB,OAAC,GAAG,IAAI,CAAC;KACV;;AAED,QAAI,OAAO,CAAC,WAAW,CAAC,CAAC,CAAC,EAAE;AAC1B,UAAI,CAAC,cAAc,CAAC,CAAC,EAAE,IAAI,CAAC,CAAC;KAC9B;;SAEI,IAAI,OAAO,CAAC,WAAW,CAAC,CAAC,EAAE,IAAI,CAAC,EAAE;AACrC,YAAI,IAAI,GAAG,aAAa,CAAC,IAAI,CAAC,CAAC,EAAE,IAAI,CAAC,CAAC;AACvC,qBAAa,CAAC,KAAK,CAAC,CAAC,EAAE,IAAI,CAAC,CAAC;AAC7B,YAAI,CAAC,SAAS,CAAC,CAAC,CAAC,CAAC;OACnB,MACI;AACH,YAAI,CAAC,IAAI,CAAC,CAAC,CAAC,GAAG,IAAI,CAAC;OACrB;GACF,CAAC;;;AAGF,YAAU,CAAC,QAAQ,GAAG,UAAS,CAAC,EAAE;AAChC,QAAI,CAAC,IAAI,CAAC,cAAc,CAAC,CAAC,CAAC,CAAC,MAAM,EAAE,CAAC;GACtC,CAAC;;;AAGF,YAAU,CAAC,SAAS,GAAG,UAAS,CAAC,EAAE;AACjC,QAAI,CAAC,iBAAiB,EAAE,CAAC;AACzB,QAAI,CAAC,IAAI,CAAC,cAAc,CAAC,CAAC,CAAC,CAAC,OAAO,EAAE,CAAC;GACvC,CAAC;;AAEF,SAAO,UAAU,CAAC;CACnB,CAAC,CAAC,CAAC","file":"/modules/reactive.js.map","sourcesContent":["angular.module('angular-meteor.reactive', [\n  'angular-meteor.utilities',\n  'angular-meteor.mixer',\n  'angular-meteor.core',\n  'angular-meteor.view-model'\n])\n\n\n/*\n  A mixin which enhance our reactive abilities by providing methods that are capable of updating\n  our scope reactively.\n */\n.factory('$$Reactive', [\n  '$parse',\n  '$$utils',\n  '$angularMeteorSettings',\n\nfunction($parse, $$utils, $angularMeteorSettings) {\n  function $$Reactive(vm = this) {\n    // Helps us track changes made in the view model\n    vm.$$dependencies = {};\n  }\n\n  // Gets an object containing functions and define their results as reactive properties.\n  // Once a return value has been changed the property will be reset.\n  $$Reactive.helpers = function(props = {}) {\n    if (!_.isObject(props))\n      throw Error('argument 1 must be an object');\n\n    _.each(props, (v, k, i) => {\n      if (!_.isFunction(v))\n        throw Error(`helper ${i + 1} must be a function`);\n\n      if (!this.$$vm.$$dependencies[k])\n        // Registers a new dependency to the specified helper\n        this.$$vm.$$dependencies[k] = new Tracker.Dependency();\n\n      this.$$setFnHelper(k, v);\n    });\n  };\n\n  // Gets a model reactively\n  $$Reactive.getReactively = function(k, isDeep = false) {\n    if (!_.isBoolean(isDeep))\n      throw Error('argument 2 must be a boolean');\n\n    return this.$$reactivateEntity(k, this.$watch, isDeep);\n  };\n\n  // Gets a collection reactively\n  $$Reactive.getCollectionReactively = function(k) {\n    return this.$$reactivateEntity(k, this.$watchCollection);\n  };\n\n  // Gets an entity reactively, and once it has been changed the computation will be recomputed\n  $$Reactive.$$reactivateEntity = function(k, watcher, ...watcherArgs) {\n    if (!_.isString(k))\n      throw Error('argument 1 must be a string');\n\n    if (!this.$$vm.$$dependencies[k]) {\n      this.$$vm.$$dependencies[k] = new Tracker.Dependency();\n      this.$$watchEntity(k, watcher, ...watcherArgs);\n    }\n\n    this.$$vm.$$dependencies[k].depend();\n    return $parse(k)(this.$$vm);\n  };\n\n  // Watches for changes in the view model, and if so will notify a change\n  $$Reactive.$$watchEntity = function(k, watcher, ...watcherArgs) {\n    // Gets a deep property from the view model\n    let getVal = _.partial($parse(k), this.$$vm);\n    let initialVal = getVal();\n\n    // Watches for changes in the view model\n    watcher.call(this, getVal, (val, oldVal) => {\n      let hasChanged =\n        val !== initialVal ||\n        val !== oldVal;\n\n      // Notify if a change has been detected\n      if (hasChanged) this.$$changed(k);\n    }, ...watcherArgs);\n  };\n\n  // Invokes a function and sets the return value as a property\n  $$Reactive.$$setFnHelper = function(k, fn) {\n    this.autorun((computation) => {\n      // Invokes the reactive functon\n      let model = fn.apply(this.$$vm);\n\n      // Ignore notifications made by the following handler\n      Tracker.nonreactive(() => {\n        // If a cursor, observe its changes and update acoordingly\n        if ($$utils.isCursor(model)) {\n          let observation = this.$$handleCursor(k, model);\n\n          computation.onInvalidate(() => {\n            observation.stop();\n            this.$$vm[k].splice(0);\n          });\n        }\n        else {\n          this.$$handleNonCursor(k, model);\n        }\n\n        // Notify change and update the view model\n        this.$$changed(k);\n      });\n    });\n  };\n\n  // Sets a value helper as a setter and a getter which will notify computations once used\n  $$Reactive.$$setValHelper = function(k, v, watch = true) {\n    // If set, reactives property\n    if (watch) {\n      let isDeep = _.isObject(v);\n      this.getReactively(k, isDeep);\n    }\n\n    Object.defineProperty(this.$$vm, k, {\n      configurable: true,\n      enumerable: true,\n\n      get: () => {\n        return v;\n      },\n      set: (newVal) => {\n        v = newVal;\n        this.$$changed(k);\n      }\n    });\n  };\n\n  // Fetching a cursor and updates properties once the result set has been changed\n  $$Reactive.$$handleCursor = function(k, cursor) {\n    // If not defined set it\n    if (angular.isUndefined(this.$$vm[k])) {\n      this.$$setValHelper(k, cursor.fetch(), false);\n    }\n    // If defined update it\n    else {\n      let diff = jsondiffpatch.diff(this.$$vm[k], cursor.fetch());\n      jsondiffpatch.patch(this.$$vm[k], diff);\n    }\n\n    // Observe changes made in the result set\n    let observation = cursor.observe({\n      addedAt: (doc, atIndex) => {\n        if (!observation) return;\n        this.$$vm[k].splice(atIndex, 0, doc);\n        this.$$changed(k);\n      },\n      changedAt: (doc, oldDoc, atIndex) => {\n        let diff = jsondiffpatch.diff(this.$$vm[k][atIndex], doc);\n        jsondiffpatch.patch(this.$$vm[k][atIndex], diff);\n        this.$$changed(k);\n      },\n      movedTo: (doc, fromIndex, toIndex) => {\n        this.$$vm[k].splice(fromIndex, 1);\n        this.$$vm[k].splice(toIndex, 0, doc);\n        this.$$changed(k);\n      },\n      removedAt: (oldDoc, atIndex) => {\n        this.$$vm[k].splice(atIndex, 1);\n        this.$$changed(k);\n      }\n    });\n\n    return observation;\n  };\n\n  $$Reactive.$$handleNonCursor = function(k, data) {\n    let v = this.$$vm[k];\n\n    if (angular.isDefined(v)) {\n      delete this.$$vm[k];\n      v = null;\n    }\n\n    if (angular.isUndefined(v)) {\n      this.$$setValHelper(k, data);\n    }\n    // Update property if the new value is from the same type\n    else if ($$utils.areSiblings(v, data)) {\n      let diff = jsondiffpatch.diff(v, data);\n      jsondiffpatch.patch(v, diff);\n      this.$$changed(k);\n    }\n    else {\n      this.$$vm[k] = data;\n    }\n  };\n\n  // Notifies dependency in view model\n  $$Reactive.$$depend = function(k) {\n    this.$$vm.$$dependencies[k].depend();\n  };\n\n  // Notifies change in view model\n  $$Reactive.$$changed = function(k) {\n    this.$$throttledDigest();\n    this.$$vm.$$dependencies[k].changed();\n  };\n\n  return $$Reactive;\n}]);\n"]},"hash":"078ef3c41227e7374c7c0d9624f54ce8f3b1519a"}
