{"metadata":{"modules":{"imports":[],"exports":{"exported":[],"specifiers":[]}},"usedHelpers":[]},"ignored":false,"code":"/*global\n angular, Package\n */\n\n'use strict';\n\nvar angularMeteorCamera = angular.module('angular-meteor.camera', ['angular-meteor.utils']);\n\n// requires package 'mdg:camera'\nangularMeteorCamera.service('$meteorCamera', ['$q', '$meteorUtils', '$angularMeteorSettings', function ($q, $meteorUtils, $angularMeteorSettings) {\n  if (!$angularMeteorSettings.suppressWarnings) console.warn('[angular-meteor.camera] Please note that this module has moved to a separate package and is deprecated since 1.3.0 and will be removed in 1.4.0! For more info: http://www.angular-meteor.com/api/1.3.0/camera. You can disable this warning by following this guide http://www.angular-meteor.com/api/1.3.6/settings');\n  var pack = Package['mdg:camera'];\n  if (!pack) return;\n\n  var MeteorCamera = pack.MeteorCamera;\n\n  this.getPicture = function (options) {\n    if (!$angularMeteorSettings.suppressWarnings) console.warn('[angular-meteor.camera] Please note that this module has moved to a separate package and is deprecated since 1.3.0 and will be removed in 1.4.0! For more info: http://www.angular-meteor.com/api/1.3.0/camera. You can disable this warning by following this guide http://www.angular-meteor.com/api/1.3.6/settings');\n\n    options = options || {};\n    var deferred = $q.defer();\n    MeteorCamera.getPicture(options, $meteorUtils.fulfill(deferred));\n    return deferred.promise;\n  };\n}]);","ast":null,"map":{"version":3,"sources":["/modules/angular-meteor-camera.js"],"names":[],"mappings":";;;;AAIA,YAAY,CAAC;;AAEb,IAAI,mBAAmB,GAAG,OAAO,CAAC,MAAM,CAAC,uBAAuB,EAAE,CAAC,sBAAsB,CAAC,CAAC,CAAC;;;AAG5F,mBAAmB,CAAC,OAAO,CAAC,eAAe,EAAE,CAC3C,IAAI,EAAE,cAAc,EAAE,wBAAwB,EAC9C,UAAU,EAAE,EAAE,YAAY,EAAE,sBAAsB,EAAE;AAClD,MAAI,CAAC,sBAAsB,CAAC,gBAAgB,EAC1C,OAAO,CAAC,IAAI,CAAC,uTAAuT,CAAC,CAAC;AACxU,MAAI,IAAI,GAAG,OAAO,CAAC,YAAY,CAAC,CAAC;AACjC,MAAI,CAAC,IAAI,EAAE,OAAO;;AAElB,MAAI,YAAY,GAAG,IAAI,CAAC,YAAY,CAAC;;AAErC,MAAI,CAAC,UAAU,GAAG,UAAS,OAAO,EAAC;AACjC,QAAI,CAAC,sBAAsB,CAAC,gBAAgB,EAC1C,OAAO,CAAC,IAAI,CAAC,uTAAuT,CAAC,CAAC;;AAExU,WAAO,GAAG,OAAO,IAAI,EAAE,CAAC;AACxB,QAAI,QAAQ,GAAG,EAAE,CAAC,KAAK,EAAE,CAAC;AAC1B,gBAAY,CAAC,UAAU,CAAC,OAAO,EAAE,YAAY,CAAC,OAAO,CAAC,QAAQ,CAAC,CAAC,CAAC;AACjE,WAAO,QAAQ,CAAC,OAAO,CAAC;GACzB,CAAC;CACH,CACF,CAAC,CAAC","file":"/modules/angular-meteor-camera.js.map","sourcesContent":["/*global\n angular, Package\n */\n\n'use strict';\n\nvar angularMeteorCamera = angular.module('angular-meteor.camera', ['angular-meteor.utils']);\n\n// requires package 'mdg:camera'\nangularMeteorCamera.service('$meteorCamera', [\n  '$q', '$meteorUtils', '$angularMeteorSettings',\n  function ($q, $meteorUtils, $angularMeteorSettings) {\n    if (!$angularMeteorSettings.suppressWarnings)\n      console.warn('[angular-meteor.camera] Please note that this module has moved to a separate package and is deprecated since 1.3.0 and will be removed in 1.4.0! For more info: http://www.angular-meteor.com/api/1.3.0/camera. You can disable this warning by following this guide http://www.angular-meteor.com/api/1.3.6/settings');\n    var pack = Package['mdg:camera'];\n    if (!pack) return;\n\n    var MeteorCamera = pack.MeteorCamera;\n\n    this.getPicture = function(options){\n      if (!$angularMeteorSettings.suppressWarnings)\n        console.warn('[angular-meteor.camera] Please note that this module has moved to a separate package and is deprecated since 1.3.0 and will be removed in 1.4.0! For more info: http://www.angular-meteor.com/api/1.3.0/camera. You can disable this warning by following this guide http://www.angular-meteor.com/api/1.3.6/settings');\n\n      options = options || {};\n      var deferred = $q.defer();\n      MeteorCamera.getPicture(options, $meteorUtils.fulfill(deferred));\n      return deferred.promise;\n    };\n  }\n]);\n"]},"hash":"135efe36d4eda00b3828b1301f085de0cd64ac16"}
