{"metadata":{"modules":{"imports":[],"exports":{"exported":[],"specifiers":[]}},"usedHelpers":[]},"ignored":false,"code":"/*global\n angular, _, Tracker, EJSON, FS, Mongo\n */\n\n'use strict';\n\nvar angularMeteorUtils = angular.module('angular-meteor.utils', []);\n\nangularMeteorUtils.service('$meteorUtils', ['$q', '$timeout', '$angularMeteorSettings', function ($q, $timeout, $angularMeteorSettings) {\n\n  var self = this;\n\n  this.autorun = function (scope, fn) {\n    if (!$angularMeteorSettings.suppressWarnings) console.warn('[angular-meteor.utils.autorun] Please note that this method is deprecated since 1.3.0 and will be removed in 1.4.0! For more info: http://www.angular-meteor.com/api/1.3.6/autorun. You can disable this warning by following this guide http://www.angular-meteor.com/api/1.3.6/settings');\n\n    // wrapping around Deps.autorun\n    var comp = Tracker.autorun(function (c) {\n      fn(c);\n      // this is run immediately for the first call\n      // but after that, we need to $apply to start Angular digest\n      if (!c.firstRun) $timeout(angular.noop, 0);\n    });\n\n    // stop autorun when scope is destroyed\n    scope.$on('$destroy', function () {\n      comp.stop();\n    });\n\n    // return autorun object so that it can be stopped manually\n    return comp;\n  };\n\n  // Borrowed from angularFire\n  // https://github.com/firebase/angularfire/blob/master/src/utils.js#L445-L454\n  this.stripDollarPrefixedKeys = function (data) {\n    if (!_.isObject(data) || data instanceof Date || data instanceof File || EJSON.toJSONValue(data).$type === 'oid' || typeof FS === 'object' && data instanceof FS.File) return data;\n\n    var out = _.isArray(data) ? [] : {};\n\n    _.each(data, function (v, k) {\n      if (typeof k !== 'string' || k.charAt(0) !== '$') out[k] = self.stripDollarPrefixedKeys(v);\n    });\n\n    return out;\n  };\n\n  // Returns a callback which fulfills promise\n  this.fulfill = function (deferred, boundError, boundResult) {\n    return function (err, result) {\n      if (err) deferred.reject(boundError === null ? err : boundError);else if (typeof boundResult == \"function\") deferred.resolve(boundResult === null ? result : boundResult(result));else deferred.resolve(boundResult === null ? result : boundResult);\n    };\n  };\n\n  // creates a function which invokes method with the given arguments and returns a promise\n  this.promissor = function (obj, method) {\n    return function () {\n      var deferred = $q.defer();\n      var fulfill = self.fulfill(deferred);\n      var args = _.toArray(arguments).concat(fulfill);\n      obj[method].apply(obj, args);\n      return deferred.promise;\n    };\n  };\n\n  // creates a $q.all() promise and call digestion loop on fulfillment\n  this.promiseAll = function (promises) {\n    var allPromise = $q.all(promises);\n\n    allPromise['finally'](function () {\n      // calls digestion loop with no conflicts\n      $timeout(angular.noop);\n    });\n\n    return allPromise;\n  };\n\n  this.getCollectionByName = function (string) {\n    return Mongo.Collection.get(string);\n  };\n\n  this.findIndexById = function (collection, doc) {\n    var foundDoc = _.find(collection, function (colDoc) {\n      // EJSON.equals used to compare Mongo.ObjectIDs and Strings.\n      return EJSON.equals(colDoc._id, doc._id);\n    });\n\n    return _.indexOf(collection, foundDoc);\n  };\n}]);\n\nangularMeteorUtils.run(['$rootScope', '$meteorUtils', function ($rootScope, $meteorUtils) {\n  Object.getPrototypeOf($rootScope).$meteorAutorun = function (fn) {\n    return $meteorUtils.autorun(this, fn);\n  };\n}]);","ast":null,"map":{"version":3,"sources":["/modules/angular-meteor-utils.js"],"names":[],"mappings":";;;;AAIA,YAAY,CAAC;;AAEb,IAAI,kBAAkB,GAAG,OAAO,CAAC,MAAM,CAAC,sBAAsB,EAAE,EAAE,CAAC,CAAC;;AAEpE,kBAAkB,CAAC,OAAO,CAAC,cAAc,EAAE,CACzC,IAAI,EAAE,UAAU,EAAE,wBAAwB,EAC1C,UAAU,EAAE,EAAE,QAAQ,EAAE,sBAAsB,EAAE;;AAE9C,MAAI,IAAI,GAAG,IAAI,CAAC;;AAEhB,MAAI,CAAC,OAAO,GAAG,UAAS,KAAK,EAAE,EAAE,EAAE;AACjC,QAAI,CAAC,sBAAsB,CAAC,gBAAgB,EAC1C,OAAO,CAAC,IAAI,CAAC,2RAA2R,CAAC,CAAC;;;AAI5S,QAAI,IAAI,GAAG,OAAO,CAAC,OAAO,CAAC,UAAS,CAAC,EAAE;AACrC,QAAE,CAAC,CAAC,CAAC,CAAC;;;AAGN,UAAI,CAAC,CAAC,CAAC,QAAQ,EAAE,QAAQ,CAAC,OAAO,CAAC,IAAI,EAAE,CAAC,CAAC,CAAC;KAC5C,CAAC,CAAC;;;AAGH,SAAK,CAAC,GAAG,CAAC,UAAU,EAAE,YAAW;AAC/B,UAAI,CAAC,IAAI,EAAE,CAAC;KACb,CAAC,CAAC;;;AAGH,WAAO,IAAI,CAAC;GACb,CAAC;;;;AAIF,MAAI,CAAC,uBAAuB,GAAG,UAAU,IAAI,EAAE;AAC7C,QAAI,CAAC,CAAC,CAAC,QAAQ,CAAC,IAAI,CAAC,IACjB,IAAI,YAAY,IAAI,IACpB,IAAI,YAAY,IAAI,IACpB,KAAK,CAAC,WAAW,CAAC,IAAI,CAAC,CAAC,KAAK,KAAK,KAAK,IACtC,OAAO,EAAE,KAAK,QAAQ,IAAI,IAAI,YAAY,EAAE,CAAC,IAAI,AAAC,EACrD,OAAO,IAAI,CAAC;;AAEd,QAAI,GAAG,GAAG,CAAC,CAAC,OAAO,CAAC,IAAI,CAAC,GAAG,EAAE,GAAG,EAAE,CAAC;;AAEpC,KAAC,CAAC,IAAI,CAAC,IAAI,EAAE,UAAS,CAAC,EAAC,CAAC,EAAE;AACzB,UAAG,OAAO,CAAC,KAAK,QAAQ,IAAI,CAAC,CAAC,MAAM,CAAC,CAAC,CAAC,KAAK,GAAG,EAC7C,GAAG,CAAC,CAAC,CAAC,GAAG,IAAI,CAAC,uBAAuB,CAAC,CAAC,CAAC,CAAC;KAC5C,CAAC,CAAC;;AAEH,WAAO,GAAG,CAAC;GACZ,CAAC;;;AAGF,MAAI,CAAC,OAAO,GAAG,UAAS,QAAQ,EAAE,UAAU,EAAE,WAAW,EAAE;AACzD,WAAO,UAAS,GAAG,EAAE,MAAM,EAAE;AAC3B,UAAI,GAAG,EACL,QAAQ,CAAC,MAAM,CAAC,UAAU,KAAK,IAAI,GAAG,GAAG,GAAG,UAAU,CAAC,CAAC,KACrD,IAAI,OAAO,WAAW,IAAI,UAAU,EACvC,QAAQ,CAAC,OAAO,CAAC,WAAW,KAAK,IAAI,GAAG,MAAM,GAAG,WAAW,CAAC,MAAM,CAAC,CAAC,CAAC,KAEtE,QAAQ,CAAC,OAAO,CAAC,WAAW,KAAK,IAAI,GAAG,MAAM,GAAG,WAAW,CAAC,CAAC;KACjE,CAAC;GACH,CAAC;;;AAGF,MAAI,CAAC,SAAS,GAAG,UAAS,GAAG,EAAE,MAAM,EAAE;AACrC,WAAO,YAAW;AAChB,UAAI,QAAQ,GAAG,EAAE,CAAC,KAAK,EAAE,CAAC;AAC1B,UAAI,OAAO,GAAG,IAAI,CAAC,OAAO,CAAC,QAAQ,CAAC,CAAC;AACrC,UAAI,IAAI,GAAG,CAAC,CAAC,OAAO,CAAC,SAAS,CAAC,CAAC,MAAM,CAAC,OAAO,CAAC,CAAC;AAChD,SAAG,CAAC,MAAM,CAAC,CAAC,KAAK,CAAC,GAAG,EAAE,IAAI,CAAC,CAAC;AAC7B,aAAO,QAAQ,CAAC,OAAO,CAAC;KACzB,CAAC;GACH,CAAC;;;AAGF,MAAI,CAAC,UAAU,GAAG,UAAS,QAAQ,EAAE;AACnC,QAAI,UAAU,GAAG,EAAE,CAAC,GAAG,CAAC,QAAQ,CAAC,CAAC;;AAElC,cAAU,WAAQ,CAAC,YAAW;;AAE5B,cAAQ,CAAC,OAAO,CAAC,IAAI,CAAC,CAAC;KACxB,CAAC,CAAC;;AAEH,WAAO,UAAU,CAAC;GACnB,CAAC;;AAEF,MAAI,CAAC,mBAAmB,GAAG,UAAS,MAAM,EAAC;AACzC,WAAO,KAAK,CAAC,UAAU,CAAC,GAAG,CAAC,MAAM,CAAC,CAAC;GACrC,CAAC;;AAEF,MAAI,CAAC,aAAa,GAAG,UAAS,UAAU,EAAE,GAAG,EAAE;AAC7C,QAAI,QAAQ,GAAG,CAAC,CAAC,IAAI,CAAC,UAAU,EAAE,UAAS,MAAM,EAAE;;AAEjD,aAAO,KAAK,CAAC,MAAM,CAAC,MAAM,CAAC,GAAG,EAAE,GAAG,CAAC,GAAG,CAAC,CAAC;KAC1C,CAAC,CAAC;;AAEH,WAAO,CAAC,CAAC,OAAO,CAAC,UAAU,EAAE,QAAQ,CAAC,CAAC;GACxC,CAAC;CACH,CACF,CAAC,CAAC;;AAEH,kBAAkB,CAAC,GAAG,CAAC,CACrB,YAAY,EAAE,cAAc,EAC5B,UAAS,UAAU,EAAE,YAAY,EAAE;AACjC,QAAM,CAAC,cAAc,CAAC,UAAU,CAAC,CAAC,cAAc,GAAG,UAAS,EAAE,EAAE;AAC9D,WAAO,YAAY,CAAC,OAAO,CAAC,IAAI,EAAE,EAAE,CAAC,CAAC;GACvC,CAAC;CACL,CAAC,CAAC,CAAC","file":"/modules/angular-meteor-utils.js.map","sourcesContent":["/*global\n angular, _, Tracker, EJSON, FS, Mongo\n */\n\n'use strict';\n\nvar angularMeteorUtils = angular.module('angular-meteor.utils', []);\n\nangularMeteorUtils.service('$meteorUtils', [\n  '$q', '$timeout', '$angularMeteorSettings',\n  function ($q, $timeout, $angularMeteorSettings) {\n\n    var self = this;\n\n    this.autorun = function(scope, fn) {\n      if (!$angularMeteorSettings.suppressWarnings)\n        console.warn('[angular-meteor.utils.autorun] Please note that this method is deprecated since 1.3.0 and will be removed in 1.4.0! For more info: http://www.angular-meteor.com/api/1.3.6/autorun. You can disable this warning by following this guide http://www.angular-meteor.com/api/1.3.6/settings');\n\n\n      // wrapping around Deps.autorun\n      var comp = Tracker.autorun(function(c) {\n        fn(c);\n        // this is run immediately for the first call\n        // but after that, we need to $apply to start Angular digest\n        if (!c.firstRun) $timeout(angular.noop, 0);\n      });\n\n      // stop autorun when scope is destroyed\n      scope.$on('$destroy', function() {\n        comp.stop();\n      });\n\n      // return autorun object so that it can be stopped manually\n      return comp;\n    };\n\n    // Borrowed from angularFire\n    // https://github.com/firebase/angularfire/blob/master/src/utils.js#L445-L454\n    this.stripDollarPrefixedKeys = function (data) {\n      if (!_.isObject(data) ||\n          data instanceof Date ||\n          data instanceof File ||\n          EJSON.toJSONValue(data).$type === 'oid' ||\n          (typeof FS === 'object' && data instanceof FS.File))\n        return data;\n\n      var out = _.isArray(data) ? [] : {};\n\n      _.each(data, function(v,k) {\n        if(typeof k !== 'string' || k.charAt(0) !== '$')\n          out[k] = self.stripDollarPrefixedKeys(v);\n      });\n\n      return out;\n    };\n\n    // Returns a callback which fulfills promise\n    this.fulfill = function(deferred, boundError, boundResult) {\n      return function(err, result) {\n        if (err)\n          deferred.reject(boundError === null ? err : boundError);\n        else if (typeof boundResult == \"function\")\n          deferred.resolve(boundResult === null ? result : boundResult(result));\n        else\n          deferred.resolve(boundResult === null ? result : boundResult);\n      };\n    };\n\n    // creates a function which invokes method with the given arguments and returns a promise\n    this.promissor = function(obj, method) {\n      return function() {\n        var deferred = $q.defer();\n        var fulfill = self.fulfill(deferred);\n        var args = _.toArray(arguments).concat(fulfill);\n        obj[method].apply(obj, args);\n        return deferred.promise;\n      };\n    };\n\n    // creates a $q.all() promise and call digestion loop on fulfillment\n    this.promiseAll = function(promises) {\n      var allPromise = $q.all(promises);\n\n      allPromise.finally(function() {\n        // calls digestion loop with no conflicts\n        $timeout(angular.noop);\n      });\n\n      return allPromise;\n    };\n\n    this.getCollectionByName = function(string){\n      return Mongo.Collection.get(string);\n    };\n\n    this.findIndexById = function(collection, doc) {\n      var foundDoc = _.find(collection, function(colDoc) {\n        // EJSON.equals used to compare Mongo.ObjectIDs and Strings.\n        return EJSON.equals(colDoc._id, doc._id);\n      });\n\n      return _.indexOf(collection, foundDoc);\n    };\n  }\n]);\n\nangularMeteorUtils.run([\n  '$rootScope', '$meteorUtils',\n  function($rootScope, $meteorUtils) {\n    Object.getPrototypeOf($rootScope).$meteorAutorun = function(fn) {\n      return $meteorUtils.autorun(this, fn);\n    };\n}]);\n"]},"hash":"13825e5d4cb7940a3957a2e075a0d423e42dcceb"}
