{"metadata":{"modules":{"imports":[],"exports":{"exported":[],"specifiers":[]}},"usedHelpers":[]},"ignored":false,"code":"/*global\n angular\n */\n\n'use strict';\n\nvar angularMeteorStopper = angular.module('angular-meteor.stopper', ['angular-meteor.subscribe']);\n\nangularMeteorStopper.factory('$meteorStopper', ['$q', '$meteorSubscribe', function ($q, $meteorSubscribe) {\n  function $meteorStopper($meteorEntity) {\n    return function () {\n      var args = Array.prototype.slice.call(arguments);\n      var meteorEntity = $meteorEntity.apply(this, args);\n\n      angular.extend(meteorEntity, $meteorStopper);\n      meteorEntity.$$scope = this;\n\n      this.$on('$destroy', function () {\n        meteorEntity.stop();\n        if (meteorEntity.subscription) meteorEntity.subscription.stop();\n      });\n\n      return meteorEntity;\n    };\n  }\n\n  $meteorStopper.subscribe = function () {\n    var args = Array.prototype.slice.call(arguments);\n    this.subscription = $meteorSubscribe._subscribe(this.$$scope, $q.defer(), args);\n    return this;\n  };\n\n  return $meteorStopper;\n}]);","ast":null,"map":{"version":3,"sources":["/modules/angular-meteor-stopper.js"],"names":[],"mappings":";;;;AAIA,YAAY,CAAC;;AAEb,IAAI,oBAAoB,GAAG,OAAO,CAAC,MAAM,CAAC,wBAAwB,EAChE,CAAC,0BAA0B,CAAC,CAAC,CAAC;;AAEhC,oBAAoB,CAAC,OAAO,CAAC,gBAAgB,EAAE,CAAC,IAAI,EAAE,kBAAkB,EACtE,UAAS,EAAE,EAAE,gBAAgB,EAAE;AAC7B,WAAS,cAAc,CAAC,aAAa,EAAE;AACrC,WAAO,YAAW;AAChB,UAAI,IAAI,GAAG,KAAK,CAAC,SAAS,CAAC,KAAK,CAAC,IAAI,CAAC,SAAS,CAAC,CAAC;AACjD,UAAI,YAAY,GAAG,aAAa,CAAC,KAAK,CAAC,IAAI,EAAE,IAAI,CAAC,CAAC;;AAEnD,aAAO,CAAC,MAAM,CAAC,YAAY,EAAE,cAAc,CAAC,CAAC;AAC7C,kBAAY,CAAC,OAAO,GAAG,IAAI,CAAC;;AAE5B,UAAI,CAAC,GAAG,CAAC,UAAU,EAAE,YAAY;AAC/B,oBAAY,CAAC,IAAI,EAAE,CAAC;AACpB,YAAI,YAAY,CAAC,YAAY,EAAE,YAAY,CAAC,YAAY,CAAC,IAAI,EAAE,CAAC;OACjE,CAAC,CAAC;;AAEH,aAAO,YAAY,CAAC;KACrB,CAAC;GACH;;AAED,gBAAc,CAAC,SAAS,GAAG,YAAW;AACpC,QAAI,IAAI,GAAG,KAAK,CAAC,SAAS,CAAC,KAAK,CAAC,IAAI,CAAC,SAAS,CAAC,CAAC;AACjD,QAAI,CAAC,YAAY,GAAG,gBAAgB,CAAC,UAAU,CAAC,IAAI,CAAC,OAAO,EAAE,EAAE,CAAC,KAAK,EAAE,EAAE,IAAI,CAAC,CAAC;AAChF,WAAO,IAAI,CAAC;GACb,CAAC;;AAEF,SAAO,cAAc,CAAC;CACzB,CAAC,CAAC,CAAC","file":"/modules/angular-meteor-stopper.js.map","sourcesContent":["/*global\n angular\n */\n\n'use strict';\n\nvar angularMeteorStopper = angular.module('angular-meteor.stopper',\n  ['angular-meteor.subscribe']);\n\nangularMeteorStopper.factory('$meteorStopper', ['$q', '$meteorSubscribe',\n  function($q, $meteorSubscribe) {\n    function $meteorStopper($meteorEntity) {\n      return function() {\n        var args = Array.prototype.slice.call(arguments);\n        var meteorEntity = $meteorEntity.apply(this, args);\n\n        angular.extend(meteorEntity, $meteorStopper);\n        meteorEntity.$$scope = this;\n\n        this.$on('$destroy', function () {\n          meteorEntity.stop();\n          if (meteorEntity.subscription) meteorEntity.subscription.stop();\n        });\n\n        return meteorEntity;\n      };\n    }\n\n    $meteorStopper.subscribe = function() {\n      var args = Array.prototype.slice.call(arguments);\n      this.subscription = $meteorSubscribe._subscribe(this.$$scope, $q.defer(), args);\n      return this;\n    };\n\n    return $meteorStopper;\n}]);\n"]},"hash":"1eaf076523c9cad61a19777c62640c2f617e6d2f"}
