{"metadata":{"modules":{"imports":[],"exports":{"exported":[],"specifiers":[]}},"usedHelpers":[]},"ignored":false,"code":"/*global\n angular, Session\n */\n\n'use strict';\nvar angularMeteorSession = angular.module('angular-meteor.session', ['angular-meteor.utils']);\n\nangularMeteorSession.factory('$meteorSession', ['$meteorUtils', '$parse', '$angularMeteorSettings', function ($meteorUtils, $parse, $angularMeteorSettings) {\n  return function (session) {\n\n    return {\n\n      bind: function (scope, model) {\n        if (!$angularMeteorSettings.suppressWarnings) console.warn('[angular-meteor.session.bind] Please note that this method is deprecated since 1.3.0 and will be removed in 1.4.0! http://www.angular-meteor.com/api/1.3.0/session. You can disable this warning by following this guide http://www.angular-meteor.com/api/1.3.6/settings');\n\n        var getter = $parse(model);\n        var setter = getter.assign;\n        $meteorUtils.autorun(scope, function () {\n          setter(scope, Session.get(session));\n        });\n\n        scope.$watch(model, function (newItem, oldItem) {\n          Session.set(session, getter(scope));\n        }, true);\n      }\n    };\n  };\n}]);","ast":null,"map":{"version":3,"sources":["/modules/angular-meteor-session.js"],"names":[],"mappings":";;;;AAIA,YAAY,CAAC;AACb,IAAI,oBAAoB,GAAG,OAAO,CAAC,MAAM,CAAC,wBAAwB,EAAE,CAAC,sBAAsB,CAAC,CAAC,CAAC;;AAE9F,oBAAoB,CAAC,OAAO,CAAC,gBAAgB,EAAE,CAAC,cAAc,EAAE,QAAQ,EAAE,wBAAwB,EAChG,UAAU,YAAY,EAAE,MAAM,EAAE,sBAAsB,EAAE;AACtD,SAAO,UAAU,OAAO,EAAE;;AAExB,WAAO;;AAEL,UAAI,EAAE,UAAS,KAAK,EAAE,KAAK,EAAE;AAC3B,YAAI,CAAC,sBAAsB,CAAC,gBAAgB,EAC1C,OAAO,CAAC,IAAI,CAAC,2QAA2Q,CAAC,CAAC;;AAE5R,YAAI,MAAM,GAAG,MAAM,CAAC,KAAK,CAAC,CAAC;AAC3B,YAAI,MAAM,GAAG,MAAM,CAAC,MAAM,CAAC;AAC3B,oBAAY,CAAC,OAAO,CAAC,KAAK,EAAE,YAAW;AACrC,gBAAM,CAAC,KAAK,EAAE,OAAO,CAAC,GAAG,CAAC,OAAO,CAAC,CAAC,CAAC;SACrC,CAAC,CAAC;;AAEH,aAAK,CAAC,MAAM,CAAC,KAAK,EAAE,UAAS,OAAO,EAAE,OAAO,EAAE;AAC7C,iBAAO,CAAC,GAAG,CAAC,OAAO,EAAE,MAAM,CAAC,KAAK,CAAC,CAAC,CAAC;SACrC,EAAE,IAAI,CAAC,CAAC;OAEV;KACF,CAAC;GACH,CAAC;CACH,CACF,CAAC,CAAC","file":"/modules/angular-meteor-session.js.map","sourcesContent":["/*global\n angular, Session\n */\n\n'use strict';\nvar angularMeteorSession = angular.module('angular-meteor.session', ['angular-meteor.utils']);\n\nangularMeteorSession.factory('$meteorSession', ['$meteorUtils', '$parse', '$angularMeteorSettings',\n  function ($meteorUtils, $parse, $angularMeteorSettings) {\n    return function (session) {\n\n      return {\n\n        bind: function(scope, model) {\n          if (!$angularMeteorSettings.suppressWarnings)\n            console.warn('[angular-meteor.session.bind] Please note that this method is deprecated since 1.3.0 and will be removed in 1.4.0! http://www.angular-meteor.com/api/1.3.0/session. You can disable this warning by following this guide http://www.angular-meteor.com/api/1.3.6/settings');\n\n          var getter = $parse(model);\n          var setter = getter.assign;\n          $meteorUtils.autorun(scope, function() {\n            setter(scope, Session.get(session));\n          });\n\n          scope.$watch(model, function(newItem, oldItem) {\n            Session.set(session, getter(scope));\n          }, true);\n\n        }\n      };\n    };\n  }\n]);\n\n"]},"hash":"2c371984af28b6262e89b124ae084a8d416df3df"}
