{"metadata":{"modules":{"imports":[],"exports":{"exported":[],"specifiers":[]}},"usedHelpers":[]},"ignored":false,"code":"angular.module('angular-meteor', [\n// new\n'angular-meteor.utilities', 'angular-meteor.mixer', 'angular-meteor.scope', 'angular-meteor.core', 'angular-meteor.view-model', 'angular-meteor.reactive',\n\n// legacy\n'angular-meteor.ironrouter', 'angular-meteor.utils', 'angular-meteor.subscribe', 'angular-meteor.collection', 'angular-meteor.object', 'angular-meteor.user', 'angular-meteor.methods', 'angular-meteor.session', 'angular-meteor.camera']).constant('$angularMeteorSettings', {\n  suppressWarnings: false\n}).run(['$Mixer', '$$Core', '$$ViewModel', '$$Reactive', function ($Mixer, $$Core, $$ViewModel, $$Reactive) {\n  // Load all mixins\n  $Mixer.mixin($$Core).mixin($$ViewModel).mixin($$Reactive);\n}])\n\n// legacy\n// Putting all services under $meteor service for syntactic sugar\n.service('$meteor', ['$meteorCollection', '$meteorCollectionFS', '$meteorObject', '$meteorMethods', '$meteorSession', '$meteorSubscribe', '$meteorUtils', '$meteorCamera', '$meteorUser', function ($meteorCollection, $meteorCollectionFS, $meteorObject, $meteorMethods, $meteorSession, $meteorSubscribe, $meteorUtils, $meteorCamera, $meteorUser) {\n  this.collection = $meteorCollection;\n  this.collectionFS = $meteorCollectionFS;\n  this.object = $meteorObject;\n  this.subscribe = $meteorSubscribe.subscribe;\n  this.call = $meteorMethods.call;\n  this.loginWithPassword = $meteorUser.loginWithPassword;\n  this.requireUser = $meteorUser.requireUser;\n  this.requireValidUser = $meteorUser.requireValidUser;\n  this.waitForUser = $meteorUser.waitForUser;\n  this.createUser = $meteorUser.createUser;\n  this.changePassword = $meteorUser.changePassword;\n  this.forgotPassword = $meteorUser.forgotPassword;\n  this.resetPassword = $meteorUser.resetPassword;\n  this.verifyEmail = $meteorUser.verifyEmail;\n  this.loginWithMeteorDeveloperAccount = $meteorUser.loginWithMeteorDeveloperAccount;\n  this.loginWithFacebook = $meteorUser.loginWithFacebook;\n  this.loginWithGithub = $meteorUser.loginWithGithub;\n  this.loginWithGoogle = $meteorUser.loginWithGoogle;\n  this.loginWithMeetup = $meteorUser.loginWithMeetup;\n  this.loginWithTwitter = $meteorUser.loginWithTwitter;\n  this.loginWithWeibo = $meteorUser.loginWithWeibo;\n  this.logout = $meteorUser.logout;\n  this.logoutOtherClients = $meteorUser.logoutOtherClients;\n  this.session = $meteorSession;\n  this.autorun = $meteorUtils.autorun;\n  this.getCollectionByName = $meteorUtils.getCollectionByName;\n  this.getPicture = $meteorCamera.getPicture;\n}]);","ast":null,"map":{"version":3,"sources":["/angular-meteor.js"],"names":[],"mappings":"AAAA,OAAO,CAAC,MAAM,CAAC,gBAAgB,EAAE;;AAE/B,0BAA0B,EAC1B,sBAAsB,EACtB,sBAAsB,EACtB,qBAAqB,EACrB,2BAA2B,EAC3B,yBAAyB;;;AAGzB,2BAA2B,EAC3B,sBAAsB,EACtB,0BAA0B,EAC1B,2BAA2B,EAC3B,uBAAuB,EACvB,qBAAqB,EACrB,wBAAwB,EACxB,wBAAwB,EACxB,uBAAuB,CAExB,CAAC,CAED,QAAQ,CAAC,wBAAwB,EAAE;AAClC,kBAAgB,EAAE,KAAK;CACxB,CAAC,CAED,GAAG,CAAC,CACH,QAAQ,EACR,QAAQ,EACR,aAAa,EACb,YAAY,EAEd,UAAS,MAAM,EAAE,MAAM,EAAE,WAAW,EAAE,UAAU,EAAE;;AAEhD,QAAM,CACH,KAAK,CAAC,MAAM,CAAC,CACb,KAAK,CAAC,WAAW,CAAC,CAClB,KAAK,CAAC,UAAU,CAAC,CAAC;CACtB,CAAC,CAAC;;;;CAIF,OAAO,CAAC,SAAS,EAAE,CAAC,mBAAmB,EAAE,qBAAqB,EAAE,eAAe,EAAE,gBAAgB,EAAE,gBAAgB,EAAE,kBAAkB,EAAE,cAAc,EAAE,eAAe,EAAE,aAAa,EACtL,UAAS,iBAAiB,EAAE,mBAAmB,EAAE,aAAa,EAAE,cAAc,EAAE,cAAc,EAAE,gBAAgB,EAAE,YAAY,EAAE,aAAa,EAAE,WAAW,EAAC;AACzJ,MAAI,CAAC,UAAU,GAAG,iBAAiB,CAAC;AACpC,MAAI,CAAC,YAAY,GAAG,mBAAmB,CAAC;AACxC,MAAI,CAAC,MAAM,GAAG,aAAa,CAAC;AAC5B,MAAI,CAAC,SAAS,GAAG,gBAAgB,CAAC,SAAS,CAAC;AAC5C,MAAI,CAAC,IAAI,GAAG,cAAc,CAAC,IAAI,CAAC;AAChC,MAAI,CAAC,iBAAiB,GAAG,WAAW,CAAC,iBAAiB,CAAC;AACvD,MAAI,CAAC,WAAW,GAAG,WAAW,CAAC,WAAW,CAAC;AAC3C,MAAI,CAAC,gBAAgB,GAAG,WAAW,CAAC,gBAAgB,CAAC;AACrD,MAAI,CAAC,WAAW,GAAG,WAAW,CAAC,WAAW,CAAC;AAC3C,MAAI,CAAC,UAAU,GAAG,WAAW,CAAC,UAAU,CAAC;AACzC,MAAI,CAAC,cAAc,GAAG,WAAW,CAAC,cAAc,CAAC;AACjD,MAAI,CAAC,cAAc,GAAG,WAAW,CAAC,cAAc,CAAC;AACjD,MAAI,CAAC,aAAa,GAAG,WAAW,CAAC,aAAa,CAAC;AAC/C,MAAI,CAAC,WAAW,GAAG,WAAW,CAAC,WAAW,CAAC;AAC3C,MAAI,CAAC,+BAA+B,GAAG,WAAW,CAAC,+BAA+B,CAAC;AACnF,MAAI,CAAC,iBAAiB,GAAG,WAAW,CAAC,iBAAiB,CAAC;AACvD,MAAI,CAAC,eAAe,GAAG,WAAW,CAAC,eAAe,CAAC;AACnD,MAAI,CAAC,eAAe,GAAG,WAAW,CAAC,eAAe,CAAC;AACnD,MAAI,CAAC,eAAe,GAAG,WAAW,CAAC,eAAe,CAAC;AACnD,MAAI,CAAC,gBAAgB,GAAG,WAAW,CAAC,gBAAgB,CAAC;AACrD,MAAI,CAAC,cAAc,GAAG,WAAW,CAAC,cAAc,CAAC;AACjD,MAAI,CAAC,MAAM,GAAG,WAAW,CAAC,MAAM,CAAC;AACjC,MAAI,CAAC,kBAAkB,GAAG,WAAW,CAAC,kBAAkB,CAAC;AACzD,MAAI,CAAC,OAAO,GAAG,cAAc,CAAC;AAC9B,MAAI,CAAC,OAAO,GAAG,YAAY,CAAC,OAAO,CAAC;AACpC,MAAI,CAAC,mBAAmB,GAAG,YAAY,CAAC,mBAAmB,CAAC;AAC5D,MAAI,CAAC,UAAU,GAAG,aAAa,CAAC,UAAU,CAAC;CAC9C,CAAC,CAAC,CAAC","file":"/angular-meteor.js.map","sourcesContent":["angular.module('angular-meteor', [\n  // new\n  'angular-meteor.utilities',\n  'angular-meteor.mixer',\n  'angular-meteor.scope',\n  'angular-meteor.core',\n  'angular-meteor.view-model',\n  'angular-meteor.reactive',\n\n  // legacy\n  'angular-meteor.ironrouter',\n  'angular-meteor.utils',\n  'angular-meteor.subscribe',\n  'angular-meteor.collection',\n  'angular-meteor.object',\n  'angular-meteor.user',\n  'angular-meteor.methods',\n  'angular-meteor.session',\n  'angular-meteor.camera'\n\n])\n\n.constant('$angularMeteorSettings', {\n  suppressWarnings: false\n})\n\n.run([\n  '$Mixer',\n  '$$Core',\n  '$$ViewModel',\n  '$$Reactive',\n\nfunction($Mixer, $$Core, $$ViewModel, $$Reactive) {\n  // Load all mixins\n  $Mixer\n    .mixin($$Core)\n    .mixin($$ViewModel)\n    .mixin($$Reactive);\n}])\n\n// legacy\n// Putting all services under $meteor service for syntactic sugar\n.service('$meteor', ['$meteorCollection', '$meteorCollectionFS', '$meteorObject', '$meteorMethods', '$meteorSession', '$meteorSubscribe', '$meteorUtils', '$meteorCamera', '$meteorUser',\n  function($meteorCollection, $meteorCollectionFS, $meteorObject, $meteorMethods, $meteorSession, $meteorSubscribe, $meteorUtils, $meteorCamera, $meteorUser){\n    this.collection = $meteorCollection;\n    this.collectionFS = $meteorCollectionFS;\n    this.object = $meteorObject;\n    this.subscribe = $meteorSubscribe.subscribe;\n    this.call = $meteorMethods.call;\n    this.loginWithPassword = $meteorUser.loginWithPassword;\n    this.requireUser = $meteorUser.requireUser;\n    this.requireValidUser = $meteorUser.requireValidUser;\n    this.waitForUser = $meteorUser.waitForUser;\n    this.createUser = $meteorUser.createUser;\n    this.changePassword = $meteorUser.changePassword;\n    this.forgotPassword = $meteorUser.forgotPassword;\n    this.resetPassword = $meteorUser.resetPassword;\n    this.verifyEmail = $meteorUser.verifyEmail;\n    this.loginWithMeteorDeveloperAccount = $meteorUser.loginWithMeteorDeveloperAccount;\n    this.loginWithFacebook = $meteorUser.loginWithFacebook;\n    this.loginWithGithub = $meteorUser.loginWithGithub;\n    this.loginWithGoogle = $meteorUser.loginWithGoogle;\n    this.loginWithMeetup = $meteorUser.loginWithMeetup;\n    this.loginWithTwitter = $meteorUser.loginWithTwitter;\n    this.loginWithWeibo = $meteorUser.loginWithWeibo;\n    this.logout = $meteorUser.logout;\n    this.logoutOtherClients = $meteorUser.logoutOtherClients;\n    this.session = $meteorSession;\n    this.autorun = $meteorUtils.autorun;\n    this.getCollectionByName = $meteorUtils.getCollectionByName;\n    this.getPicture = $meteorCamera.getPicture;\n}]);\n"]},"hash":"326d45d4e479398d5836e3c6343c2fb66566c4a6"}
