{"metadata":{"modules":{"imports":[],"exports":{"exported":[],"specifiers":[]}},"usedHelpers":[]},"ignored":false,"code":"/*global\n angular, _, Meteor\n */\n\n'use strict';\n\nvar angularMeteorMethods = angular.module('angular-meteor.methods', ['angular-meteor.utils']);\n\nangularMeteorMethods.service('$meteorMethods', ['$q', '$meteorUtils', '$angularMeteorSettings', function ($q, $meteorUtils, $angularMeteorSettings) {\n  this.call = function () {\n    if (!$angularMeteorSettings.suppressWarnings) console.warn('[angular-meteor.$meteor.call] Please note that this method is deprecated since 1.3.0 and will be removed in 1.4.0! For more info: http://www.angular-meteor.com/api/1.3.0/methods. You can disable this warning by following this guide http://www.angular-meteor.com/api/1.3.6/settings');\n\n    var deferred = $q.defer();\n    var fulfill = $meteorUtils.fulfill(deferred);\n    var args = _.toArray(arguments).concat(fulfill);\n    Meteor.call.apply(this, args);\n    return deferred.promise;\n  };\n}]);","ast":null,"map":{"version":3,"sources":["/modules/angular-meteor-methods.js"],"names":[],"mappings":";;;;AAIA,YAAY,CAAC;;AAEb,IAAI,oBAAoB,GAAG,OAAO,CAAC,MAAM,CAAC,wBAAwB,EAAE,CAAC,sBAAsB,CAAC,CAAC,CAAC;;AAE9F,oBAAoB,CAAC,OAAO,CAAC,gBAAgB,EAAE,CAC7C,IAAI,EAAE,cAAc,EAAE,wBAAwB,EAC9C,UAAS,EAAE,EAAE,YAAY,EAAE,sBAAsB,EAAE;AACjD,MAAI,CAAC,IAAI,GAAG,YAAU;AACpB,QAAI,CAAC,sBAAsB,CAAC,gBAAgB,EAC1C,OAAO,CAAC,IAAI,CAAC,0RAA0R,CAAC,CAAC;;AAE3S,QAAI,QAAQ,GAAG,EAAE,CAAC,KAAK,EAAE,CAAC;AAC1B,QAAI,OAAO,GAAG,YAAY,CAAC,OAAO,CAAC,QAAQ,CAAC,CAAC;AAC7C,QAAI,IAAI,GAAG,CAAC,CAAC,OAAO,CAAC,SAAS,CAAC,CAAC,MAAM,CAAC,OAAO,CAAC,CAAC;AAChD,UAAM,CAAC,IAAI,CAAC,KAAK,CAAC,IAAI,EAAE,IAAI,CAAC,CAAC;AAC9B,WAAO,QAAQ,CAAC,OAAO,CAAC;GACzB,CAAC;CACH,CACF,CAAC,CAAC","file":"/modules/angular-meteor-methods.js.map","sourcesContent":["/*global\n angular, _, Meteor\n */\n\n'use strict';\n\nvar angularMeteorMethods = angular.module('angular-meteor.methods', ['angular-meteor.utils']);\n\nangularMeteorMethods.service('$meteorMethods', [\n  '$q', '$meteorUtils', '$angularMeteorSettings',\n  function($q, $meteorUtils, $angularMeteorSettings) {\n    this.call = function(){\n      if (!$angularMeteorSettings.suppressWarnings)\n        console.warn('[angular-meteor.$meteor.call] Please note that this method is deprecated since 1.3.0 and will be removed in 1.4.0! For more info: http://www.angular-meteor.com/api/1.3.0/methods. You can disable this warning by following this guide http://www.angular-meteor.com/api/1.3.6/settings');\n\n      var deferred = $q.defer();\n      var fulfill = $meteorUtils.fulfill(deferred);\n      var args = _.toArray(arguments).concat(fulfill);\n      Meteor.call.apply(this, args);\n      return deferred.promise;\n    };\n  }\n]);\n"]},"hash":"370f1697c00eb1275918830dad2cae152fea395e"}
