{"metadata":{"modules":{"imports":[],"exports":{"exported":[],"specifiers":[]}},"usedHelpers":[]},"ignored":false,"code":"/*global\n angular, _\n */\n\n'use strict';\n\n// https://github.com/DAB0mB/get-updates\n(function () {\n  var module = angular.module('getUpdates', []);\n\n  var utils = (function () {\n    var rip = function (obj, level) {\n      if (level < 1) return {};\n\n      return _.reduce(obj, function (clone, v, k) {\n        v = _.isObject(v) ? rip(v, --level) : v;\n        clone[k] = v;\n        return clone;\n      }, {});\n    };\n\n    var toPaths = function (obj) {\n      var keys = getKeyPaths(obj);\n      var values = getDeepValues(obj);\n      return _.object(keys, values);\n    };\n\n    var getKeyPaths = function (obj) {\n      var keys = _.keys(obj).map(function (k) {\n        var v = obj[k];\n        if (!_.isObject(v) || _.isEmpty(v) || _.isArray(v)) return k;\n\n        return getKeyPaths(v).map(function (subKey) {\n          return k + '.' + subKey;\n        });\n      });\n\n      return _.flatten(keys);\n    };\n\n    var getDeepValues = function (obj, arr) {\n      arr = arr || [];\n\n      _.values(obj).forEach(function (v) {\n        if (!_.isObject(v) || _.isEmpty(v) || _.isArray(v)) arr.push(v);else getDeepValues(v, arr);\n      });\n\n      return arr;\n    };\n\n    var flatten = function (arr) {\n      return arr.reduce(function (flattened, v, i) {\n        if (_.isArray(v) && !_.isEmpty(v)) flattened.push.apply(flattened, flatten(v));else flattened.push(v);\n\n        return flattened;\n      }, []);\n    };\n\n    var setFilled = function (obj, k, v) {\n      if (!_.isEmpty(v)) obj[k] = v;\n    };\n\n    var assert = function (result, msg) {\n      if (!result) throwErr(msg);\n    };\n\n    var throwErr = function (msg) {\n      throw Error('get-updates error - ' + msg);\n    };\n\n    return {\n      rip: rip,\n      toPaths: toPaths,\n      getKeyPaths: getKeyPaths,\n      getDeepValues: getDeepValues,\n      setFilled: setFilled,\n      assert: assert,\n      throwErr: throwErr\n    };\n  })();\n\n  var getDifference = (function () {\n    var getDifference = function (src, dst, isShallow) {\n      var level;\n\n      if (isShallow > 1) level = isShallow;else if (isShallow) level = 1;\n\n      if (level) {\n        src = utils.rip(src, level);\n        dst = utils.rip(dst, level);\n      }\n\n      return compare(src, dst);\n    };\n\n    var compare = function (src, dst) {\n      var srcKeys = _.keys(src);\n      var dstKeys = _.keys(dst);\n\n      var keys = _.chain([]).concat(srcKeys).concat(dstKeys).uniq().without('$$hashKey').value();\n\n      return keys.reduce(function (diff, k) {\n        var srcValue = src[k];\n        var dstValue = dst[k];\n\n        if (_.isDate(srcValue) && _.isDate(dstValue)) {\n          if (srcValue.getTime() != dstValue.getTime()) diff[k] = dstValue;\n        }\n\n        if (_.isObject(srcValue) && _.isObject(dstValue)) {\n          var valueDiff = getDifference(srcValue, dstValue);\n          utils.setFilled(diff, k, valueDiff);\n        } else if (srcValue !== dstValue) {\n          diff[k] = dstValue;\n        }\n\n        return diff;\n      }, {});\n    };\n\n    return getDifference;\n  })();\n\n  var getUpdates = (function () {\n    var getUpdates = function (src, dst, isShallow) {\n      utils.assert(_.isObject(src), 'first argument must be an object');\n      utils.assert(_.isObject(dst), 'second argument must be an object');\n\n      var diff = getDifference(src, dst, isShallow);\n      var paths = utils.toPaths(diff);\n\n      var set = createSet(paths);\n      var unset = createUnset(paths);\n      var pull = createPull(unset);\n\n      var updates = {};\n      utils.setFilled(updates, '$set', set);\n      utils.setFilled(updates, '$unset', unset);\n      utils.setFilled(updates, '$pull', pull);\n\n      return updates;\n    };\n\n    var createSet = function (paths) {\n      var undefinedKeys = getUndefinedKeys(paths);\n      return _.omit(paths, undefinedKeys);\n    };\n\n    var createUnset = function (paths) {\n      var undefinedKeys = getUndefinedKeys(paths);\n      var unset = _.pick(paths, undefinedKeys);\n\n      return _.reduce(unset, function (result, v, k) {\n        result[k] = true;\n        return result;\n      }, {});\n    };\n\n    var createPull = function (unset) {\n      var arrKeyPaths = _.keys(unset).map(function (k) {\n        var split = k.match(/(.*)\\.\\d+$/);\n        return split && split[1];\n      });\n\n      return _.compact(arrKeyPaths).reduce(function (pull, k) {\n        pull[k] = null;\n        return pull;\n      }, {});\n    };\n\n    var getUndefinedKeys = function (obj) {\n      return _.keys(obj).filter(function (k) {\n        var v = obj[k];\n        return _.isUndefined(v);\n      });\n    };\n\n    return getUpdates;\n  })();\n\n  module.value('getUpdates', getUpdates);\n})();","ast":null,"map":{"version":3,"sources":["/lib/get-updates.js"],"names":[],"mappings":";;;;AAIA,YAAY,CAAC;;;AAGb,CAAC,YAAW;AACV,MAAI,MAAM,GAAG,OAAO,CAAC,MAAM,CAAC,YAAY,EAAE,EAAE,CAAC,CAAC;;AAE9C,MAAI,KAAK,GAAG,CAAC,YAAW;AACtB,QAAI,GAAG,GAAG,UAAS,GAAG,EAAE,KAAK,EAAE;AAC7B,UAAI,KAAK,GAAG,CAAC,EAAE,OAAO,EAAE,CAAC;;AAEzB,aAAO,CAAC,CAAC,MAAM,CAAC,GAAG,EAAE,UAAS,KAAK,EAAE,CAAC,EAAE,CAAC,EAAE;AACzC,SAAC,GAAG,CAAC,CAAC,QAAQ,CAAC,CAAC,CAAC,GAAG,GAAG,CAAC,CAAC,EAAE,EAAE,KAAK,CAAC,GAAG,CAAC,CAAC;AACxC,aAAK,CAAC,CAAC,CAAC,GAAG,CAAC,CAAC;AACb,eAAO,KAAK,CAAC;OACd,EAAE,EAAE,CAAC,CAAC;KACR,CAAC;;AAEF,QAAI,OAAO,GAAG,UAAS,GAAG,EAAE;AAC1B,UAAI,IAAI,GAAG,WAAW,CAAC,GAAG,CAAC,CAAC;AAC5B,UAAI,MAAM,GAAG,aAAa,CAAC,GAAG,CAAC,CAAC;AAChC,aAAO,CAAC,CAAC,MAAM,CAAC,IAAI,EAAE,MAAM,CAAC,CAAC;KAC/B,CAAC;;AAEF,QAAI,WAAW,GAAG,UAAS,GAAG,EAAE;AAC9B,UAAI,IAAI,GAAG,CAAC,CAAC,IAAI,CAAC,GAAG,CAAC,CAAC,GAAG,CAAC,UAAS,CAAC,EAAE;AACrC,YAAI,CAAC,GAAG,GAAG,CAAC,CAAC,CAAC,CAAC;AACf,YAAI,CAAC,CAAC,CAAC,QAAQ,CAAC,CAAC,CAAC,IAAI,CAAC,CAAC,OAAO,CAAC,CAAC,CAAC,IAAI,CAAC,CAAC,OAAO,CAAC,CAAC,CAAC,EAAE,OAAO,CAAC,CAAC;;AAE7D,eAAO,WAAW,CAAC,CAAC,CAAC,CAAC,GAAG,CAAC,UAAS,MAAM,EAAE;AACzC,iBAAO,CAAC,GAAG,GAAG,GAAG,MAAM,CAAC;SACzB,CAAC,CAAC;OACJ,CAAC,CAAC;;AAEH,aAAO,CAAC,CAAC,OAAO,CAAC,IAAI,CAAC,CAAC;KACxB,CAAC;;AAEF,QAAI,aAAa,GAAG,UAAS,GAAG,EAAC,GAAG,EAAE;AACpC,SAAG,GAAG,GAAG,IAAI,EAAE,CAAC;;AAEhB,OAAC,CAAC,MAAM,CAAC,GAAG,CAAC,CAAC,OAAO,CAAC,UAAS,CAAC,EAAE;AAChC,YAAI,CAAC,CAAC,CAAC,QAAQ,CAAC,CAAC,CAAC,IAAI,CAAC,CAAC,OAAO,CAAC,CAAC,CAAC,IAAI,CAAC,CAAC,OAAO,CAAC,CAAC,CAAC,EAChD,GAAG,CAAC,IAAI,CAAC,CAAC,CAAC,CAAC,KAEZ,aAAa,CAAC,CAAC,EAAE,GAAG,CAAC,CAAC;OACzB,CAAC,CAAC;;AAEH,aAAO,GAAG,CAAC;KACZ,CAAC;;AAEF,QAAI,OAAO,GAAG,UAAS,GAAG,EAAE;AAC1B,aAAO,GAAG,CAAC,MAAM,CAAC,UAAS,SAAS,EAAE,CAAC,EAAE,CAAC,EAAE;AAC1C,YAAI,CAAC,CAAC,OAAO,CAAC,CAAC,CAAC,IAAI,CAAC,CAAC,CAAC,OAAO,CAAC,CAAC,CAAC,EAC/B,SAAS,CAAC,IAAI,CAAC,KAAK,CAAC,SAAS,EAAE,OAAO,CAAC,CAAC,CAAC,CAAC,CAAC,KAE5C,SAAS,CAAC,IAAI,CAAC,CAAC,CAAC,CAAC;;AAEpB,eAAO,SAAS,CAAC;OAClB,EAAE,EAAE,CAAC,CAAC;KACR,CAAC;;AAEF,QAAI,SAAS,GAAG,UAAS,GAAG,EAAE,CAAC,EAAE,CAAC,EAAE;AAClC,UAAI,CAAC,CAAC,CAAC,OAAO,CAAC,CAAC,CAAC,EAAE,GAAG,CAAC,CAAC,CAAC,GAAG,CAAC,CAAC;KAC/B,CAAC;;AAEF,QAAI,MAAM,GAAG,UAAS,MAAM,EAAE,GAAG,EAAE;AACjC,UAAI,CAAC,MAAM,EAAE,QAAQ,CAAC,GAAG,CAAC,CAAC;KAC5B,CAAC;;AAEF,QAAI,QAAQ,GAAG,UAAS,GAAG,EAAE;AAC3B,YAAM,KAAK,CAAC,sBAAsB,GAAG,GAAG,CAAC,CAAC;KAC3C,CAAC;;AAEF,WAAO;AACL,SAAG,EAAE,GAAG;AACR,aAAO,EAAE,OAAO;AAChB,iBAAW,EAAE,WAAW;AACxB,mBAAa,EAAE,aAAa;AAC5B,eAAS,EAAE,SAAS;AACpB,YAAM,EAAE,MAAM;AACd,cAAQ,EAAE,QAAQ;KACnB,CAAC;GACH,CAAA,EAAG,CAAC;;AAEL,MAAI,aAAa,GAAG,CAAC,YAAW;AAC9B,QAAI,aAAa,GAAG,UAAS,GAAG,EAAE,GAAG,EAAE,SAAS,EAAE;AAChD,UAAI,KAAK,CAAC;;AAEV,UAAI,SAAS,GAAG,CAAC,EACf,KAAK,GAAG,SAAS,CAAC,KACf,IAAI,SAAS,EAChB,KAAK,GAAG,CAAC,CAAC;;AAEZ,UAAI,KAAK,EAAE;AACT,WAAG,GAAG,KAAK,CAAC,GAAG,CAAC,GAAG,EAAE,KAAK,CAAC,CAAC;AAC5B,WAAG,GAAG,KAAK,CAAC,GAAG,CAAC,GAAG,EAAE,KAAK,CAAC,CAAC;OAC7B;;AAED,aAAO,OAAO,CAAC,GAAG,EAAE,GAAG,CAAC,CAAC;KAC1B,CAAC;;AAEF,QAAI,OAAO,GAAG,UAAS,GAAG,EAAE,GAAG,EAAE;AAC/B,UAAI,OAAO,GAAG,CAAC,CAAC,IAAI,CAAC,GAAG,CAAC,CAAC;AAC1B,UAAI,OAAO,GAAG,CAAC,CAAC,IAAI,CAAC,GAAG,CAAC,CAAC;;AAE1B,UAAI,IAAI,GAAG,CAAC,CAAC,KAAK,CAAC,EAAE,CAAC,CACnB,MAAM,CAAC,OAAO,CAAC,CACf,MAAM,CAAC,OAAO,CAAC,CACf,IAAI,EAAE,CACN,OAAO,CAAC,WAAW,CAAC,CACpB,KAAK,EAAE,CAAC;;AAEX,aAAO,IAAI,CAAC,MAAM,CAAC,UAAS,IAAI,EAAE,CAAC,EAAE;AACnC,YAAI,QAAQ,GAAG,GAAG,CAAC,CAAC,CAAC,CAAC;AACtB,YAAI,QAAQ,GAAG,GAAG,CAAC,CAAC,CAAC,CAAC;;AAEtB,YAAI,CAAC,CAAC,MAAM,CAAC,QAAQ,CAAC,IAAI,CAAC,CAAC,MAAM,CAAC,QAAQ,CAAC,EAAE;AAC5C,cAAI,QAAQ,CAAC,OAAO,EAAE,IAAI,QAAQ,CAAC,OAAO,EAAE,EAAE,IAAI,CAAC,CAAC,CAAC,GAAG,QAAQ,CAAC;SAClE;;AAED,YAAI,CAAC,CAAC,QAAQ,CAAC,QAAQ,CAAC,IAAI,CAAC,CAAC,QAAQ,CAAC,QAAQ,CAAC,EAAE;AAChD,cAAI,SAAS,GAAG,aAAa,CAAC,QAAQ,EAAE,QAAQ,CAAC,CAAC;AAClD,eAAK,CAAC,SAAS,CAAC,IAAI,EAAE,CAAC,EAAE,SAAS,CAAC,CAAC;SACrC,MAEI,IAAI,QAAQ,KAAK,QAAQ,EAAE;AAC9B,cAAI,CAAC,CAAC,CAAC,GAAG,QAAQ,CAAC;SACpB;;AAED,eAAO,IAAI,CAAC;OACb,EAAE,EAAE,CAAC,CAAC;KACR,CAAC;;AAEF,WAAO,aAAa,CAAC;GACtB,CAAA,EAAG,CAAC;;AAEL,MAAI,UAAU,GAAG,CAAC,YAAW;AAC3B,QAAI,UAAU,GAAG,UAAS,GAAG,EAAE,GAAG,EAAE,SAAS,EAAE;AAC7C,WAAK,CAAC,MAAM,CAAC,CAAC,CAAC,QAAQ,CAAC,GAAG,CAAC,EAAE,kCAAkC,CAAC,CAAC;AAClE,WAAK,CAAC,MAAM,CAAC,CAAC,CAAC,QAAQ,CAAC,GAAG,CAAC,EAAE,mCAAmC,CAAC,CAAC;;AAEnE,UAAI,IAAI,GAAG,aAAa,CAAC,GAAG,EAAE,GAAG,EAAE,SAAS,CAAC,CAAC;AAC9C,UAAI,KAAK,GAAG,KAAK,CAAC,OAAO,CAAC,IAAI,CAAC,CAAC;;AAEhC,UAAI,GAAG,GAAG,SAAS,CAAC,KAAK,CAAC,CAAC;AAC3B,UAAI,KAAK,GAAG,WAAW,CAAC,KAAK,CAAC,CAAC;AAC/B,UAAI,IAAI,GAAG,UAAU,CAAC,KAAK,CAAC,CAAC;;AAE7B,UAAI,OAAO,GAAG,EAAE,CAAC;AACjB,WAAK,CAAC,SAAS,CAAC,OAAO,EAAE,MAAM,EAAE,GAAG,CAAC,CAAC;AACtC,WAAK,CAAC,SAAS,CAAC,OAAO,EAAE,QAAQ,EAAE,KAAK,CAAC,CAAC;AAC1C,WAAK,CAAC,SAAS,CAAC,OAAO,EAAE,OAAO,EAAE,IAAI,CAAC,CAAC;;AAExC,aAAO,OAAO,CAAC;KAChB,CAAC;;AAEF,QAAI,SAAS,GAAG,UAAS,KAAK,EAAE;AAC9B,UAAI,aAAa,GAAG,gBAAgB,CAAC,KAAK,CAAC,CAAC;AAC5C,aAAO,CAAC,CAAC,IAAI,CAAC,KAAK,EAAE,aAAa,CAAC,CAAC;KACrC,CAAC;;AAEF,QAAI,WAAW,GAAG,UAAS,KAAK,EAAE;AAChC,UAAI,aAAa,GAAG,gBAAgB,CAAC,KAAK,CAAC,CAAC;AAC5C,UAAI,KAAK,GAAG,CAAC,CAAC,IAAI,CAAC,KAAK,EAAE,aAAa,CAAC,CAAC;;AAEzC,aAAO,CAAC,CAAC,MAAM,CAAC,KAAK,EAAE,UAAS,MAAM,EAAE,CAAC,EAAE,CAAC,EAAE;AAC5C,cAAM,CAAC,CAAC,CAAC,GAAG,IAAI,CAAC;AACjB,eAAO,MAAM,CAAC;OACf,EAAE,EAAE,CAAC,CAAC;KACR,CAAC;;AAEF,QAAI,UAAU,GAAG,UAAS,KAAK,EAAE;AAC/B,UAAI,WAAW,GAAG,CAAC,CAAC,IAAI,CAAC,KAAK,CAAC,CAAC,GAAG,CAAC,UAAS,CAAC,EAAE;AAC9C,YAAI,KAAK,GAAG,CAAC,CAAC,KAAK,CAAC,YAAY,CAAC,CAAC;AAClC,eAAO,KAAK,IAAI,KAAK,CAAC,CAAC,CAAC,CAAC;OAC1B,CAAC,CAAC;;AAEH,aAAO,CAAC,CAAC,OAAO,CAAC,WAAW,CAAC,CAAC,MAAM,CAAC,UAAS,IAAI,EAAE,CAAC,EAAE;AACrD,YAAI,CAAC,CAAC,CAAC,GAAG,IAAI,CAAC;AACf,eAAO,IAAI,CAAC;OACb,EAAE,EAAE,CAAC,CAAC;KACR,CAAC;;AAEF,QAAI,gBAAgB,GAAG,UAAS,GAAG,EAAE;AACnC,aAAO,CAAC,CAAC,IAAI,CAAC,GAAG,CAAC,CAAC,MAAM,CAAC,UAAU,CAAC,EAAE;AACrC,YAAI,CAAC,GAAG,GAAG,CAAC,CAAC,CAAC,CAAC;AACf,eAAO,CAAC,CAAC,WAAW,CAAC,CAAC,CAAC,CAAC;OACzB,CAAC,CAAC;KACJ,CAAC;;AAEF,WAAO,UAAU,CAAC;GACnB,CAAA,EAAG,CAAC;;AAEL,QAAM,CAAC,KAAK,CAAC,YAAY,EAAE,UAAU,CAAC,CAAC;CACxC,CAAA,EAAG,CAAC","file":"/lib/get-updates.js.map","sourcesContent":["/*global\n angular, _\n */\n\n'use strict';\n\n// https://github.com/DAB0mB/get-updates\n(function() {\n  var module = angular.module('getUpdates', []);\n\n  var utils = (function() {\n    var rip = function(obj, level) {\n      if (level < 1) return {};\n\n      return _.reduce(obj, function(clone, v, k) {\n        v = _.isObject(v) ? rip(v, --level) : v;\n        clone[k] = v;\n        return clone;\n      }, {});\n    };\n\n    var toPaths = function(obj) {\n      var keys = getKeyPaths(obj);\n      var values = getDeepValues(obj);\n      return _.object(keys, values);\n    };\n\n    var getKeyPaths = function(obj) {\n      var keys = _.keys(obj).map(function(k) {\n        var v = obj[k];\n        if (!_.isObject(v) || _.isEmpty(v) || _.isArray(v)) return k;\n\n        return getKeyPaths(v).map(function(subKey) {\n          return k + '.' + subKey;\n        });\n      });\n\n      return _.flatten(keys);\n    };\n\n    var getDeepValues = function(obj,arr) {\n      arr = arr || [];\n\n      _.values(obj).forEach(function(v) {\n        if (!_.isObject(v) || _.isEmpty(v) || _.isArray(v))\n          arr.push(v);\n        else\n          getDeepValues(v, arr);\n      });\n\n      return arr;\n    };\n\n    var flatten = function(arr) {\n      return arr.reduce(function(flattened, v, i) {\n        if (_.isArray(v) && !_.isEmpty(v))\n          flattened.push.apply(flattened, flatten(v));\n        else\n          flattened.push(v);\n\n        return flattened;\n      }, []);\n    };\n\n    var setFilled = function(obj, k, v) {\n      if (!_.isEmpty(v)) obj[k] = v;\n    };\n\n    var assert = function(result, msg) {\n      if (!result) throwErr(msg);\n    };\n\n    var throwErr = function(msg) {\n      throw Error('get-updates error - ' + msg);\n    };\n\n    return {\n      rip: rip,\n      toPaths: toPaths,\n      getKeyPaths: getKeyPaths,\n      getDeepValues: getDeepValues,\n      setFilled: setFilled,\n      assert: assert,\n      throwErr: throwErr\n    };\n  })();\n\n  var getDifference = (function() {\n    var getDifference = function(src, dst, isShallow) {\n      var level;\n\n      if (isShallow > 1)\n        level = isShallow;\n      else if (isShallow)\n        level = 1;\n\n      if (level) {\n        src = utils.rip(src, level);\n        dst = utils.rip(dst, level);\n      }\n\n      return compare(src, dst);\n    };\n\n    var compare = function(src, dst) {\n      var srcKeys = _.keys(src);\n      var dstKeys = _.keys(dst);\n\n      var keys = _.chain([])\n        .concat(srcKeys)\n        .concat(dstKeys)\n        .uniq()\n        .without('$$hashKey')\n        .value();\n\n      return keys.reduce(function(diff, k) {\n        var srcValue = src[k];\n        var dstValue = dst[k];\n\n        if (_.isDate(srcValue) && _.isDate(dstValue)) {\n          if (srcValue.getTime() != dstValue.getTime()) diff[k] = dstValue;\n        }\n\n        if (_.isObject(srcValue) && _.isObject(dstValue)) {\n          var valueDiff = getDifference(srcValue, dstValue);\n          utils.setFilled(diff, k, valueDiff);\n        }\n\n        else if (srcValue !== dstValue) {\n          diff[k] = dstValue;\n        }\n\n        return diff;\n      }, {});\n    };\n\n    return getDifference;\n  })();\n\n  var getUpdates = (function() {\n    var getUpdates = function(src, dst, isShallow) {\n      utils.assert(_.isObject(src), 'first argument must be an object');\n      utils.assert(_.isObject(dst), 'second argument must be an object');\n\n      var diff = getDifference(src, dst, isShallow);\n      var paths = utils.toPaths(diff);\n\n      var set = createSet(paths);\n      var unset = createUnset(paths);\n      var pull = createPull(unset);\n\n      var updates = {};\n      utils.setFilled(updates, '$set', set);\n      utils.setFilled(updates, '$unset', unset);\n      utils.setFilled(updates, '$pull', pull);\n\n      return updates;\n    };\n\n    var createSet = function(paths) {\n      var undefinedKeys = getUndefinedKeys(paths);\n      return _.omit(paths, undefinedKeys);\n    };\n\n    var createUnset = function(paths) {\n      var undefinedKeys = getUndefinedKeys(paths);\n      var unset = _.pick(paths, undefinedKeys);\n\n      return _.reduce(unset, function(result, v, k) {\n        result[k] = true;\n        return result;\n      }, {});\n    };\n\n    var createPull = function(unset) {\n      var arrKeyPaths = _.keys(unset).map(function(k) {\n        var split = k.match(/(.*)\\.\\d+$/);\n        return split && split[1];\n      });\n\n      return _.compact(arrKeyPaths).reduce(function(pull, k) {\n        pull[k] = null;\n        return pull;\n      }, {});\n    };\n\n    var getUndefinedKeys = function(obj) {\n      return _.keys(obj).filter(function (k) {\n        var v = obj[k];\n        return _.isUndefined(v);\n      });\n    };\n\n    return getUpdates;\n  })();\n\n  module.value('getUpdates', getUpdates);\n})();\n"]},"hash":"38ab95be87163c3f9bd66ab6efe0d23fc535765d"}
