{"metadata":{"modules":{"imports":[],"exports":{"exported":[],"specifiers":[]}},"usedHelpers":[]},"ignored":false,"code":"angular.module('angular-meteor.mixer', [])\n\n/*\n  A service which lets us apply mixins into the `ChildScope` prototype. The flow is simple. Once\n  we define a mixin, it will be stored in the `$Mixer`, and any time a `ChildScope` prototype is\n  created it will be extended by the `$Mixer`. This concept is good because it keeps our code\n  clean and simple, and easy to extend. So any time we would like to define a new behaviour to our\n  scope, we will just use the `$Mixer` service.\n */\n.service('$Mixer', function () {\n  var _this = this;\n\n  this._mixins = [];\n\n  // Adds a new mixin\n  this.mixin = function (mixin) {\n    if (!_.isObject(mixin)) throw Error('argument 1 must be an object');\n\n    _this._mixins = _.union(_this._mixins, [mixin]);\n    return _this;\n  };\n\n  // Removes a mixin. Useful mainly for test purposes\n  this._mixout = function (mixin) {\n    _this._mixins = _.without(_this._mixins, mixin);\n    return _this;\n  };\n\n  // Invoke function mixins with the provided context and arguments\n  this._construct = function (context) {\n    for (var _len = arguments.length, args = Array(_len > 1 ? _len - 1 : 0), _key = 1; _key < _len; _key++) {\n      args[_key - 1] = arguments[_key];\n    }\n\n    _this._mixins.filter(_.isFunction).forEach(function (mixin) {\n      mixin.call.apply(mixin, [context].concat(args));\n    });\n\n    return context;\n  };\n\n  // Extend prototype with the defined mixins\n  this._extend = function (obj) {\n    var _ref;\n\n    return (_ref = _).extend.apply(_ref, [obj].concat(_this._mixins));\n  };\n});","ast":null,"map":{"version":3,"sources":["/modules/mixer.js"],"names":[],"mappings":"AAAA,OAAO,CAAC,MAAM,CAAC,sBAAsB,EAAE,EAAE,CAAC;;;;;;;;;CAUzC,OAAO,CAAC,QAAQ,EAAE,YAAW;;;AAC5B,MAAI,CAAC,OAAO,GAAG,EAAE,CAAC;;;AAGlB,MAAI,CAAC,KAAK,GAAG,UAAC,KAAK,EAAK;AACtB,QAAI,CAAC,CAAC,CAAC,QAAQ,CAAC,KAAK,CAAC,EACpB,MAAM,KAAK,CAAC,8BAA8B,CAAC,CAAC;;AAE9C,UAAK,OAAO,GAAG,CAAC,CAAC,KAAK,CAAC,MAAK,OAAO,EAAE,CAAC,KAAK,CAAC,CAAC,CAAC;AAC9C,iBAAY;GACb,CAAC;;;AAGF,MAAI,CAAC,OAAO,GAAG,UAAC,KAAK,EAAK;AACxB,UAAK,OAAO,GAAG,CAAC,CAAC,OAAO,CAAC,MAAK,OAAO,EAAE,KAAK,CAAC,CAAC;AAC9C,iBAAY;GACb,CAAC;;;AAGF,MAAI,CAAC,UAAU,GAAG,UAAC,OAAO,EAAc;sCAAT,IAAI;AAAJ,UAAI;;;AACjC,UAAK,OAAO,CAAC,MAAM,CAAC,CAAC,CAAC,UAAU,CAAC,CAAC,OAAO,CAAC,UAAC,KAAK,EAAK;AACnD,WAAK,CAAC,IAAI,MAAA,CAAV,KAAK,GAAM,OAAO,SAAK,IAAI,EAAC,CAAC;KAC9B,CAAC,CAAC;;AAEH,WAAO,OAAO,CAAC;GAChB,CAAC;;;AAGF,MAAI,CAAC,OAAO,GAAG,UAAC,GAAG,EAAK;;;AACtB,WAAO,QAAA,CAAC,EAAC,MAAM,MAAA,QAAC,GAAG,SAAK,MAAK,OAAO,EAAC,CAAC;GACvC,CAAC;CACH,CAAC,CAAC","file":"/modules/mixer.js.map","sourcesContent":["angular.module('angular-meteor.mixer', [])\n\n\n/*\n  A service which lets us apply mixins into the `ChildScope` prototype. The flow is simple. Once\n  we define a mixin, it will be stored in the `$Mixer`, and any time a `ChildScope` prototype is\n  created it will be extended by the `$Mixer`. This concept is good because it keeps our code\n  clean and simple, and easy to extend. So any time we would like to define a new behaviour to our\n  scope, we will just use the `$Mixer` service.\n */\n.service('$Mixer', function() {\n  this._mixins = [];\n\n  // Adds a new mixin\n  this.mixin = (mixin) => {\n    if (!_.isObject(mixin))\n      throw Error('argument 1 must be an object');\n\n    this._mixins = _.union(this._mixins, [mixin]);\n    return this;\n  };\n\n  // Removes a mixin. Useful mainly for test purposes\n  this._mixout = (mixin) => {\n    this._mixins = _.without(this._mixins, mixin);\n    return this;\n  };\n\n  // Invoke function mixins with the provided context and arguments\n  this._construct = (context, ...args) => {\n    this._mixins.filter(_.isFunction).forEach((mixin) => {\n      mixin.call(context, ...args);\n    });\n\n    return context;\n  };\n\n  // Extend prototype with the defined mixins\n  this._extend = (obj) => {\n    return _.extend(obj, ...this._mixins);\n  };\n});"]},"hash":"3f9c18328c803b26d17c9ce71304adf2399ea5ce"}
