{"metadata":{"modules":{"imports":[],"exports":{"exported":[],"specifiers":[]}},"usedHelpers":["class-call-check"]},"ignored":false,"code":"angular.module('angular-meteor.view-model', ['angular-meteor.utilities', 'angular-meteor.mixer', 'angular-meteor.core'])\n\n/*\n  A mixin which lets us bind a view model into a scope. Note that only a single view model can be bound,\n  otherwise the scope might behave unexpectedly. Mainly used to define the controller as the view model,\n  and very useful when wanting to use Angular's `controllerAs` syntax.\n */\n.factory('$$ViewModel', ['$$utils', '$Mixer', function ($$utils, $Mixer) {\n  function $$ViewModel() {\n    var vm = arguments.length <= 0 || arguments[0] === undefined ? this : arguments[0];\n\n    // Defines the view model on the scope.\n    this.$$vm = vm;\n  }\n\n  // Gets an object, wraps it with scope functions and returns it\n  $$ViewModel.viewModel = function (vm) {\n    var _this = this;\n\n    if (!_.isObject(vm)) throw Error('argument 1 must be an object');\n\n    // Apply mixin functions\n    $Mixer._mixins.forEach(function (mixin) {\n      // Reject methods which starts with double $\n      var keys = _.keys(mixin).filter(function (k) {\n        return k.match(/^(?!\\$\\$).*$/);\n      });\n      var proto = _.pick(mixin, keys);\n      // Bind all the methods to the prototype\n      var boundProto = $$utils.bind(proto, _this);\n      // Add the methods to the view model\n      _.extend(vm, boundProto);\n    });\n\n    // Apply mixin constructors on the view model\n    $Mixer._construct(this, vm);\n    return vm;\n  };\n\n  // Override $$Core.$bindToContext to be bound to view model instead of scope\n  $$ViewModel.$bindToContext = function (fn) {\n    return $$utils.bind(fn, this.$$vm, this.$$throttledDigest.bind(this));\n  };\n\n  return $$ViewModel;\n}])\n\n/*\n  Illustrates the old API where a view model is created using $reactive service\n */\n.service('$reactive', ['$$utils', function ($$utils) {\n  var Reactive = (function () {\n    function Reactive(vm) {\n      var _this2 = this;\n\n      babelHelpers.classCallCheck(this, Reactive);\n\n      if (!_.isObject(vm)) throw Error('argument 1 must be an object');\n\n      _.defer(function () {\n        if (!_this2._attached) console.warn('view model was not attached to any scope');\n      });\n\n      this._vm = vm;\n    }\n\n    Reactive.prototype.attach = (function () {\n      function attach(scope) {\n        this._attached = true;\n\n        if (!$$utils.isScope(scope)) throw Error('argument 1 must be a scope');\n\n        var viewModel = scope.viewModel(this._vm);\n\n        // Similar to the old/Meteor API\n        viewModel.call = viewModel.callMethod;\n        viewModel.apply = viewModel.applyMethod;\n\n        return viewModel;\n      }\n\n      return attach;\n    })();\n\n    return Reactive;\n  })();\n\n  return function (vm) {\n    return new Reactive(vm);\n  };\n}]);","ast":null,"map":{"version":3,"sources":["/modules/view-model.js"],"names":[],"mappings":"AAAA,OAAO,CAAC,MAAM,CAAC,2BAA2B,EAAE,CAC1C,0BAA0B,EAC1B,sBAAsB,EACtB,qBAAqB,CACtB,CAAC;;;;;;;CAQD,OAAO,CAAC,aAAa,EAAE,CACtB,SAAS,EACT,QAAQ,EAEV,UAAS,OAAO,EAAE,MAAM,EAAE;AACxB,WAAS,WAAW,GAAY;QAAX,EAAE,yDAAG,IAAI;;;AAE5B,QAAI,CAAC,IAAI,GAAG,EAAE,CAAC;GAChB;;;AAGD,aAAW,CAAC,SAAS,GAAG,UAAS,EAAE,EAAE;;;AACnC,QAAI,CAAC,CAAC,CAAC,QAAQ,CAAC,EAAE,CAAC,EACjB,MAAM,KAAK,CAAC,8BAA8B,CAAC,CAAC;;;AAG9C,UAAM,CAAC,OAAO,CAAC,OAAO,CAAC,UAAC,KAAK,EAAK;;AAEhC,UAAI,IAAI,GAAG,CAAC,CAAC,IAAI,CAAC,KAAK,CAAC,CAAC,MAAM,CAAC,UAAA,CAAC;eAAI,CAAC,CAAC,KAAK,CAAC,cAAc,CAAC;OAAA,CAAC,CAAC;AAC9D,UAAI,KAAK,GAAG,CAAC,CAAC,IAAI,CAAC,KAAK,EAAE,IAAI,CAAC,CAAC;;AAEhC,UAAI,UAAU,GAAG,OAAO,CAAC,IAAI,CAAC,KAAK,QAAO,CAAC;;AAE3C,OAAC,CAAC,MAAM,CAAC,EAAE,EAAE,UAAU,CAAC,CAAC;KAC1B,CAAC,CAAC;;;AAGH,UAAM,CAAC,UAAU,CAAC,IAAI,EAAE,EAAE,CAAC,CAAC;AAC5B,WAAO,EAAE,CAAC;GACX,CAAC;;;AAGF,aAAW,CAAC,cAAc,GAAG,UAAS,EAAE,EAAE;AACxC,WAAO,OAAO,CAAC,IAAI,CAAC,EAAE,EAAE,IAAI,CAAC,IAAI,EAAE,IAAI,CAAC,iBAAiB,CAAC,IAAI,CAAC,IAAI,CAAC,CAAC,CAAC;GACvE,CAAC;;AAEF,SAAO,WAAW,CAAC;CACpB,CAAC,CAAC;;;;;CAMF,OAAO,CAAC,WAAW,EAAE,CACpB,SAAS,EAEX,UAAS,OAAO,EAAE;MACV,QAAQ;AACD,aADP,QAAQ,CACA,EAAE,EAAE;;;wCADZ,QAAQ;;AAEV,UAAI,CAAC,CAAC,CAAC,QAAQ,CAAC,EAAE,CAAC,EACjB,MAAM,KAAK,CAAC,8BAA8B,CAAC,CAAC;;AAE9C,OAAC,CAAC,KAAK,CAAC,YAAM;AACZ,YAAI,CAAC,OAAK,SAAS,EACjB,OAAO,CAAC,IAAI,CAAC,0CAA0C,CAAC,CAAC;OAC5D,CAAC,CAAC;;AAEH,UAAI,CAAC,GAAG,GAAG,EAAE,CAAC;KACf;;AAXG,YAAQ,WAaZ,MAAM;AAAA,sBAAC,KAAK,EAAE;AACZ,YAAI,CAAC,SAAS,GAAG,IAAI,CAAC;;AAEtB,YAAI,CAAC,OAAO,CAAC,OAAO,CAAC,KAAK,CAAC,EACzB,MAAM,KAAK,CAAC,4BAA4B,CAAC,CAAC;;AAE5C,YAAI,SAAS,GAAG,KAAK,CAAC,SAAS,CAAC,IAAI,CAAC,GAAG,CAAC,CAAC;;;AAG1C,iBAAS,CAAC,IAAI,GAAG,SAAS,CAAC,UAAU,CAAC;AACtC,iBAAS,CAAC,KAAK,GAAG,SAAS,CAAC,WAAW,CAAC;;AAExC,eAAO,SAAS,CAAC;OAClB;;;;;WA1BG,QAAQ;;;AA6Bd,SAAO,UAAA,EAAE;WAAI,IAAI,QAAQ,CAAC,EAAE,CAAC;GAAA,CAAC;CAC/B,CAAC,CAAC,CAAC","file":"/modules/view-model.js.map","sourcesContent":["angular.module('angular-meteor.view-model', [\n  'angular-meteor.utilities',\n  'angular-meteor.mixer',\n  'angular-meteor.core'\n])\n\n\n/*\n  A mixin which lets us bind a view model into a scope. Note that only a single view model can be bound,\n  otherwise the scope might behave unexpectedly. Mainly used to define the controller as the view model,\n  and very useful when wanting to use Angular's `controllerAs` syntax.\n */\n.factory('$$ViewModel', [\n  '$$utils',\n  '$Mixer',\n\nfunction($$utils, $Mixer) {\n  function $$ViewModel(vm = this) {\n    // Defines the view model on the scope.\n    this.$$vm = vm;\n  }\n\n  // Gets an object, wraps it with scope functions and returns it\n  $$ViewModel.viewModel = function(vm) {\n    if (!_.isObject(vm))\n      throw Error('argument 1 must be an object');\n\n    // Apply mixin functions\n    $Mixer._mixins.forEach((mixin) => {\n      // Reject methods which starts with double $\n      let keys = _.keys(mixin).filter(k => k.match(/^(?!\\$\\$).*$/));\n      let proto = _.pick(mixin, keys);\n      // Bind all the methods to the prototype\n      let boundProto = $$utils.bind(proto, this);\n      // Add the methods to the view model\n      _.extend(vm, boundProto);\n    });\n\n    // Apply mixin constructors on the view model\n    $Mixer._construct(this, vm);\n    return vm;\n  };\n\n  // Override $$Core.$bindToContext to be bound to view model instead of scope\n  $$ViewModel.$bindToContext = function(fn) {\n    return $$utils.bind(fn, this.$$vm, this.$$throttledDigest.bind(this));\n  };\n\n  return $$ViewModel;\n}])\n\n\n/*\n  Illustrates the old API where a view model is created using $reactive service\n */\n.service('$reactive', [\n  '$$utils',\n\nfunction($$utils) {\n  class Reactive {\n    constructor(vm) {\n      if (!_.isObject(vm))\n        throw Error('argument 1 must be an object');\n\n      _.defer(() => {\n        if (!this._attached)\n          console.warn('view model was not attached to any scope');\n      });\n\n      this._vm = vm;\n    }\n\n    attach(scope) {\n      this._attached = true;\n\n      if (!$$utils.isScope(scope))\n        throw Error('argument 1 must be a scope');\n\n      var viewModel = scope.viewModel(this._vm);\n\n      // Similar to the old/Meteor API\n      viewModel.call = viewModel.callMethod;\n      viewModel.apply = viewModel.applyMethod;\n\n      return viewModel;\n    }\n  }\n\n  return vm => new Reactive(vm);\n}]);\n"]},"hash":"4e3fa0e006387745cb3a6f23280aff7d8ebc117f"}
