{"metadata":{"modules":{"imports":[],"exports":{"exported":[],"specifiers":[]}},"usedHelpers":[]},"ignored":false,"code":"/*global\n angular, _, Package, Meteor\n */\n\n'use strict';\n\nvar angularMeteorUser = angular.module('angular-meteor.user', ['angular-meteor.utils', 'angular-meteor.core']);\n\n// requires package 'accounts-password'\nangularMeteorUser.service('$meteorUser', ['$rootScope', '$meteorUtils', '$q', '$angularMeteorSettings', function ($rootScope, $meteorUtils, $q, $angularMeteorSettings) {\n\n  var pack = Package['accounts-base'];\n  if (!pack) return;\n\n  var self = this;\n  var Accounts = pack.Accounts;\n\n  this.waitForUser = function () {\n    if (!$angularMeteorSettings.suppressWarnings) console.warn('[angular-meteor.waitForUser] Please note that this method is deprecated since 1.3.0 and will be removed in 1.4.0! http://info.meteor.com/blog/angular-meteor-1.3. You can disable this warning by following this guide http://www.angular-meteor.com/api/1.3.6/settings');\n\n    var deferred = $q.defer();\n\n    $meteorUtils.autorun($rootScope, function () {\n      if (!Meteor.loggingIn()) deferred.resolve(Meteor.user());\n    }, true);\n\n    return deferred.promise;\n  };\n\n  this.requireUser = function () {\n    if (!$angularMeteorSettings.suppressWarnings) {\n      console.warn('[angular-meteor.requireUser] Please note that this method is deprecated since 1.3.0 and will be removed in 1.4.0! http://info.meteor.com/blog/angular-meteor-1.3. You can disable this warning by following this guide http://www.angular-meteor.com/api/1.3.6/settings');\n    }\n\n    var deferred = $q.defer();\n\n    $meteorUtils.autorun($rootScope, function () {\n      if (!Meteor.loggingIn()) {\n        if (Meteor.user() === null) deferred.reject(\"AUTH_REQUIRED\");else deferred.resolve(Meteor.user());\n      }\n    }, true);\n\n    return deferred.promise;\n  };\n\n  this.requireValidUser = function (validatorFn) {\n    if (!$angularMeteorSettings.suppressWarnings) console.warn('[angular-meteor.requireValidUser] Please note that this method is deprecated since 1.3.0 and will be removed in 1.4.0! http://info.meteor.com/blog/angular-meteor-1.3. You can disable this warning by following this guide http://www.angular-meteor.com/api/1.3.6/settings');\n\n    return self.requireUser(true).then(function (user) {\n      var valid = validatorFn(user);\n\n      if (valid === true) return user;else if (typeof valid === \"string\") return $q.reject(valid);else return $q.reject(\"FORBIDDEN\");\n    });\n  };\n\n  this.loginWithPassword = $meteorUtils.promissor(Meteor, 'loginWithPassword');\n  this.createUser = $meteorUtils.promissor(Accounts, 'createUser');\n  this.changePassword = $meteorUtils.promissor(Accounts, 'changePassword');\n  this.forgotPassword = $meteorUtils.promissor(Accounts, 'forgotPassword');\n  this.resetPassword = $meteorUtils.promissor(Accounts, 'resetPassword');\n  this.verifyEmail = $meteorUtils.promissor(Accounts, 'verifyEmail');\n  this.logout = $meteorUtils.promissor(Meteor, 'logout');\n  this.logoutOtherClients = $meteorUtils.promissor(Meteor, 'logoutOtherClients');\n  this.loginWithFacebook = $meteorUtils.promissor(Meteor, 'loginWithFacebook');\n  this.loginWithTwitter = $meteorUtils.promissor(Meteor, 'loginWithTwitter');\n  this.loginWithGoogle = $meteorUtils.promissor(Meteor, 'loginWithGoogle');\n  this.loginWithGithub = $meteorUtils.promissor(Meteor, 'loginWithGithub');\n  this.loginWithMeteorDeveloperAccount = $meteorUtils.promissor(Meteor, 'loginWithMeteorDeveloperAccount');\n  this.loginWithMeetup = $meteorUtils.promissor(Meteor, 'loginWithMeetup');\n  this.loginWithWeibo = $meteorUtils.promissor(Meteor, 'loginWithWeibo');\n}]);\n\nangularMeteorUser.run(['$rootScope', '$angularMeteorSettings', '$$Core', function ($rootScope, $angularMeteorSettings, $$Core) {\n\n  var ScopeProto = Object.getPrototypeOf($rootScope);\n  _.extend(ScopeProto, $$Core);\n\n  $rootScope.autorun(function () {\n    if (!Meteor.user) return;\n    $rootScope.currentUser = Meteor.user();\n    $rootScope.loggingIn = Meteor.loggingIn();\n  });\n}]);","ast":null,"map":{"version":3,"sources":["/modules/angular-meteor-user.js"],"names":[],"mappings":";;;;AAIA,YAAY,CAAC;;AAEb,IAAI,iBAAiB,GAAG,OAAO,CAAC,MAAM,CAAC,qBAAqB,EAAE,CAC5D,sBAAsB,EACtB,qBAAqB,CACtB,CAAC,CAAC;;;AAGH,iBAAiB,CAAC,OAAO,CAAC,aAAa,EAAE,CACvC,YAAY,EAAE,cAAc,EAAE,IAAI,EAAE,wBAAwB,EAC5D,UAAS,UAAU,EAAE,YAAY,EAAE,EAAE,EAAE,sBAAsB,EAAC;;AAE5D,MAAI,IAAI,GAAG,OAAO,CAAC,eAAe,CAAC,CAAC;AACpC,MAAI,CAAC,IAAI,EAAE,OAAO;;AAElB,MAAI,IAAI,GAAG,IAAI,CAAC;AAChB,MAAI,QAAQ,GAAG,IAAI,CAAC,QAAQ,CAAC;;AAE7B,MAAI,CAAC,WAAW,GAAG,YAAU;AAC3B,QAAI,CAAC,sBAAsB,CAAC,gBAAgB,EAC1C,OAAO,CAAC,IAAI,CAAC,yQAAyQ,CAAC,CAAC;;AAE1R,QAAI,QAAQ,GAAG,EAAE,CAAC,KAAK,EAAE,CAAC;;AAE1B,gBAAY,CAAC,OAAO,CAAC,UAAU,EAAE,YAAU;AACzC,UAAK,CAAC,MAAM,CAAC,SAAS,EAAE,EACtB,QAAQ,CAAC,OAAO,CAAE,MAAM,CAAC,IAAI,EAAE,CAAE,CAAC;KACrC,EAAE,IAAI,CAAC,CAAC;;AAET,WAAO,QAAQ,CAAC,OAAO,CAAC;GACzB,CAAC;;AAEF,MAAI,CAAC,WAAW,GAAG,YAAU;AAC3B,QAAI,CAAC,sBAAsB,CAAC,gBAAgB,EAAE;AAC5C,aAAO,CAAC,IAAI,CAAC,yQAAyQ,CAAC,CAAC;KACzR;;AAED,QAAI,QAAQ,GAAG,EAAE,CAAC,KAAK,EAAE,CAAC;;AAE1B,gBAAY,CAAC,OAAO,CAAC,UAAU,EAAE,YAAU;AACzC,UAAK,CAAC,MAAM,CAAC,SAAS,EAAE,EAAG;AACzB,YAAK,MAAM,CAAC,IAAI,EAAE,KAAK,IAAI,EACzB,QAAQ,CAAC,MAAM,CAAC,eAAe,CAAC,CAAC,KAEjC,QAAQ,CAAC,OAAO,CAAE,MAAM,CAAC,IAAI,EAAE,CAAE,CAAC;OACrC;KACF,EAAE,IAAI,CAAC,CAAC;;AAET,WAAO,QAAQ,CAAC,OAAO,CAAC;GACzB,CAAC;;AAEF,MAAI,CAAC,gBAAgB,GAAG,UAAS,WAAW,EAAE;AAC5C,QAAI,CAAC,sBAAsB,CAAC,gBAAgB,EAC1C,OAAO,CAAC,IAAI,CAAC,8QAA8Q,CAAC,CAAC;;AAE/R,WAAO,IAAI,CAAC,WAAW,CAAC,IAAI,CAAC,CAAC,IAAI,CAAC,UAAS,IAAI,EAAC;AAC/C,UAAI,KAAK,GAAG,WAAW,CAAE,IAAI,CAAE,CAAC;;AAEhC,UAAK,KAAK,KAAK,IAAI,EACjB,OAAO,IAAI,CAAC,KACT,IAAK,OAAO,KAAK,KAAK,QAAQ,EACjC,OAAO,EAAE,CAAC,MAAM,CAAE,KAAK,CAAE,CAAC,KAE1B,OAAO,EAAE,CAAC,MAAM,CAAE,WAAW,CAAE,CAAC;KACpC,CAAC,CAAC;GACJ,CAAC;;AAED,MAAI,CAAC,iBAAiB,GAAG,YAAY,CAAC,SAAS,CAAC,MAAM,EAAE,mBAAmB,CAAC,CAAC;AAC7E,MAAI,CAAC,UAAU,GAAG,YAAY,CAAC,SAAS,CAAC,QAAQ,EAAE,YAAY,CAAC,CAAC;AACjE,MAAI,CAAC,cAAc,GAAG,YAAY,CAAC,SAAS,CAAC,QAAQ,EAAE,gBAAgB,CAAC,CAAC;AACzE,MAAI,CAAC,cAAc,GAAG,YAAY,CAAC,SAAS,CAAC,QAAQ,EAAE,gBAAgB,CAAC,CAAC;AACzE,MAAI,CAAC,aAAa,GAAG,YAAY,CAAC,SAAS,CAAC,QAAQ,EAAE,eAAe,CAAC,CAAC;AACvE,MAAI,CAAC,WAAW,GAAG,YAAY,CAAC,SAAS,CAAC,QAAQ,EAAE,aAAa,CAAC,CAAC;AACnE,MAAI,CAAC,MAAM,GAAG,YAAY,CAAC,SAAS,CAAC,MAAM,EAAE,QAAQ,CAAC,CAAC;AACvD,MAAI,CAAC,kBAAkB,GAAG,YAAY,CAAC,SAAS,CAAC,MAAM,EAAE,oBAAoB,CAAC,CAAC;AAC/E,MAAI,CAAC,iBAAiB,GAAG,YAAY,CAAC,SAAS,CAAC,MAAM,EAAE,mBAAmB,CAAC,CAAC;AAC7E,MAAI,CAAC,gBAAgB,GAAG,YAAY,CAAC,SAAS,CAAC,MAAM,EAAE,kBAAkB,CAAC,CAAC;AAC3E,MAAI,CAAC,eAAe,GAAG,YAAY,CAAC,SAAS,CAAC,MAAM,EAAE,iBAAiB,CAAC,CAAC;AACzE,MAAI,CAAC,eAAe,GAAG,YAAY,CAAC,SAAS,CAAC,MAAM,EAAE,iBAAiB,CAAC,CAAC;AACzE,MAAI,CAAC,+BAA+B,GAAG,YAAY,CAAC,SAAS,CAAC,MAAM,EAAE,iCAAiC,CAAC,CAAC;AACzG,MAAI,CAAC,eAAe,GAAG,YAAY,CAAC,SAAS,CAAC,MAAM,EAAE,iBAAiB,CAAC,CAAC;AACzE,MAAI,CAAC,cAAc,GAAG,YAAY,CAAC,SAAS,CAAC,MAAM,EAAE,gBAAgB,CAAC,CAAC;CACxE,CACF,CAAC,CAAC;;AAEH,iBAAiB,CAAC,GAAG,CAAC,CACpB,YAAY,EAAE,wBAAwB,EAAE,QAAQ,EAChD,UAAS,UAAU,EAAE,sBAAsB,EAAE,MAAM,EAAC;;AAElD,MAAI,UAAU,GAAG,MAAM,CAAC,cAAc,CAAC,UAAU,CAAC,CAAC;AACnD,GAAC,CAAC,MAAM,CAAC,UAAU,EAAE,MAAM,CAAC,CAAC;;AAE7B,YAAU,CAAC,OAAO,CAAC,YAAU;AAC3B,QAAI,CAAC,MAAM,CAAC,IAAI,EAAE,OAAO;AACzB,cAAU,CAAC,WAAW,GAAG,MAAM,CAAC,IAAI,EAAE,CAAC;AACvC,cAAU,CAAC,SAAS,GAAG,MAAM,CAAC,SAAS,EAAE,CAAC;GAC3C,CAAC,CAAC;CACJ,CACF,CAAC,CAAC","file":"/modules/angular-meteor-user.js.map","sourcesContent":["/*global\n angular, _, Package, Meteor\n */\n\n'use strict';\n\nvar angularMeteorUser = angular.module('angular-meteor.user', [\n  'angular-meteor.utils',\n  'angular-meteor.core'\n]);\n\n// requires package 'accounts-password'\nangularMeteorUser.service('$meteorUser', [\n  '$rootScope', '$meteorUtils', '$q', '$angularMeteorSettings',\n  function($rootScope, $meteorUtils, $q, $angularMeteorSettings){\n\n    var pack = Package['accounts-base'];\n    if (!pack) return;\n\n    var self = this;\n    var Accounts = pack.Accounts;\n\n    this.waitForUser = function(){\n      if (!$angularMeteorSettings.suppressWarnings)\n        console.warn('[angular-meteor.waitForUser] Please note that this method is deprecated since 1.3.0 and will be removed in 1.4.0! http://info.meteor.com/blog/angular-meteor-1.3. You can disable this warning by following this guide http://www.angular-meteor.com/api/1.3.6/settings');\n\n      var deferred = $q.defer();\n\n      $meteorUtils.autorun($rootScope, function(){\n        if ( !Meteor.loggingIn() )\n          deferred.resolve( Meteor.user() );\n      }, true);\n\n      return deferred.promise;\n    };\n\n    this.requireUser = function(){\n      if (!$angularMeteorSettings.suppressWarnings) {\n        console.warn('[angular-meteor.requireUser] Please note that this method is deprecated since 1.3.0 and will be removed in 1.4.0! http://info.meteor.com/blog/angular-meteor-1.3. You can disable this warning by following this guide http://www.angular-meteor.com/api/1.3.6/settings');\n      }\n\n      var deferred = $q.defer();\n\n      $meteorUtils.autorun($rootScope, function(){\n        if ( !Meteor.loggingIn() ) {\n          if ( Meteor.user() === null)\n            deferred.reject(\"AUTH_REQUIRED\");\n          else\n            deferred.resolve( Meteor.user() );\n        }\n      }, true);\n\n      return deferred.promise;\n    };\n\n    this.requireValidUser = function(validatorFn) {\n      if (!$angularMeteorSettings.suppressWarnings)\n        console.warn('[angular-meteor.requireValidUser] Please note that this method is deprecated since 1.3.0 and will be removed in 1.4.0! http://info.meteor.com/blog/angular-meteor-1.3. You can disable this warning by following this guide http://www.angular-meteor.com/api/1.3.6/settings');\n\n      return self.requireUser(true).then(function(user){\n        var valid = validatorFn( user );\n\n        if ( valid === true )\n          return user;\n        else if ( typeof valid === \"string\" )\n          return $q.reject( valid );\n        else\n          return $q.reject( \"FORBIDDEN\" );\n\t    });\n\t  };\n\n    this.loginWithPassword = $meteorUtils.promissor(Meteor, 'loginWithPassword');\n    this.createUser = $meteorUtils.promissor(Accounts, 'createUser');\n    this.changePassword = $meteorUtils.promissor(Accounts, 'changePassword');\n    this.forgotPassword = $meteorUtils.promissor(Accounts, 'forgotPassword');\n    this.resetPassword = $meteorUtils.promissor(Accounts, 'resetPassword');\n    this.verifyEmail = $meteorUtils.promissor(Accounts, 'verifyEmail');\n    this.logout = $meteorUtils.promissor(Meteor, 'logout');\n    this.logoutOtherClients = $meteorUtils.promissor(Meteor, 'logoutOtherClients');\n    this.loginWithFacebook = $meteorUtils.promissor(Meteor, 'loginWithFacebook');\n    this.loginWithTwitter = $meteorUtils.promissor(Meteor, 'loginWithTwitter');\n    this.loginWithGoogle = $meteorUtils.promissor(Meteor, 'loginWithGoogle');\n    this.loginWithGithub = $meteorUtils.promissor(Meteor, 'loginWithGithub');\n    this.loginWithMeteorDeveloperAccount = $meteorUtils.promissor(Meteor, 'loginWithMeteorDeveloperAccount');\n    this.loginWithMeetup = $meteorUtils.promissor(Meteor, 'loginWithMeetup');\n    this.loginWithWeibo = $meteorUtils.promissor(Meteor, 'loginWithWeibo');\n  }\n]);\n\nangularMeteorUser.run([\n  '$rootScope', '$angularMeteorSettings', '$$Core',\n  function($rootScope, $angularMeteorSettings, $$Core){\n\n    let ScopeProto = Object.getPrototypeOf($rootScope);\n    _.extend(ScopeProto, $$Core);\n\n    $rootScope.autorun(function(){\n      if (!Meteor.user) return;\n      $rootScope.currentUser = Meteor.user();\n      $rootScope.loggingIn = Meteor.loggingIn();\n    });\n  }\n]);\n"]},"hash":"6e581eb981e1e9b2214882d6271a3078128139b6"}
