{"metadata":{"modules":{"imports":[],"exports":{"exported":[],"specifiers":[]}},"usedHelpers":[]},"ignored":false,"code":"/*global\n angular, _, Tracker, check, Match, Mongo\n */\n\n'use strict';\n\nvar angularMeteorCollection = angular.module('angular-meteor.collection', ['angular-meteor.stopper', 'angular-meteor.subscribe', 'angular-meteor.utils', 'diffArray']);\n\n// The reason angular meteor collection is a factory function and not something\n// that inherit from array comes from here:\n// http://perfectionkills.com/how-ecmascript-5-still-does-not-allow-to-subclass-an-array/\n// We went with the direct extensions approach.\nangularMeteorCollection.factory('AngularMeteorCollection', ['$q', '$meteorSubscribe', '$meteorUtils', '$rootScope', '$timeout', 'diffArray', '$angularMeteorSettings', function ($q, $meteorSubscribe, $meteorUtils, $rootScope, $timeout, diffArray, $angularMeteorSettings) {\n\n  function AngularMeteorCollection(curDefFunc, collection, diffArrayFunc, autoClientSave) {\n    if (!$angularMeteorSettings.suppressWarnings) console.warn('[angular-meteor.$meteorCollection] Please note that this method is deprecated since 1.3.0 and will be removed in 1.4.0! For more info: http://www.angular-meteor.com/api/1.3.0/meteorCollection. You can disable this warning by following this guide http://www.angular-meteor.com/api/1.3.6/settings');\n\n    var data = [];\n    // Server backup data to evaluate what changes come from client\n    // after each server update.\n    data._serverBackup = [];\n    // Array differ function.\n    data._diffArrayFunc = diffArrayFunc;\n    // Handler of the cursor observer.\n    data._hObserve = null;\n    // On new cursor autorun handler\n    // (autorun for reactive variables).\n    data._hNewCurAutorun = null;\n    // On new data autorun handler\n    // (autorun for cursor.fetch).\n    data._hDataAutorun = null;\n\n    if (angular.isDefined(collection)) {\n      data.$$collection = collection;\n    } else {\n      var cursor = curDefFunc();\n      data.$$collection = $meteorUtils.getCollectionByName(cursor.collection.name);\n    }\n\n    _.extend(data, AngularMeteorCollection);\n    data._startCurAutorun(curDefFunc, autoClientSave);\n\n    return data;\n  }\n\n  AngularMeteorCollection._startCurAutorun = function (curDefFunc, autoClientSave) {\n    var self = this;\n\n    self._hNewCurAutorun = Tracker.autorun(function () {\n      // When the reactive func gets recomputated we need to stop any previous\n      // observeChanges.\n      Tracker.onInvalidate(function () {\n        self._stopCursor();\n      });\n\n      if (autoClientSave) self._setAutoClientSave();\n      self._updateCursor(curDefFunc(), autoClientSave);\n    });\n  };\n\n  AngularMeteorCollection.subscribe = function () {\n    $meteorSubscribe.subscribe.apply(this, arguments);\n    return this;\n  };\n\n  AngularMeteorCollection.save = function (docs, useUnsetModifier) {\n    // save whole collection\n    if (!docs) docs = this;\n    // save single doc\n    docs = [].concat(docs);\n\n    var promises = docs.map(function (doc) {\n      return this._upsertDoc(doc, useUnsetModifier);\n    }, this);\n\n    return $meteorUtils.promiseAll(promises);\n  };\n\n  AngularMeteorCollection._upsertDoc = function (doc, useUnsetModifier) {\n    var deferred = $q.defer();\n    var collection = this.$$collection;\n    var createFulfill = _.partial($meteorUtils.fulfill, deferred, null);\n\n    // delete $$hashkey\n    doc = $meteorUtils.stripDollarPrefixedKeys(doc);\n    var docId = doc._id;\n    var isExist = collection.findOne(docId);\n\n    // update\n    if (isExist) {\n      // Deletes _id property (from the copy) so that\n      // it can be $set using update.\n      delete doc._id;\n      var modifier = useUnsetModifier ? { $unset: doc } : { $set: doc };\n      // NOTE: do not use #upsert() method, since it does not exist in some collections\n      collection.update(docId, modifier, createFulfill(function () {\n        return { _id: docId, action: 'updated' };\n      }));\n    }\n    // insert\n    else {\n        collection.insert(doc, createFulfill(function (id) {\n          return { _id: id, action: 'inserted' };\n        }));\n      }\n\n    return deferred.promise;\n  };\n\n  // performs $pull operations parallely.\n  // used for handling splice operations returned from getUpdates() to prevent conflicts.\n  // see issue: https://github.com/Urigo/angular-meteor/issues/793\n  AngularMeteorCollection._updateDiff = function (selector, update, callback) {\n    callback = callback || angular.noop;\n    var setters = _.omit(update, '$pull');\n    var updates = [setters];\n\n    _.each(update.$pull, function (pull, prop) {\n      var puller = {};\n      puller[prop] = pull;\n      updates.push({ $pull: puller });\n    });\n\n    this._updateParallel(selector, updates, callback);\n  };\n\n  // performs each update operation parallely\n  AngularMeteorCollection._updateParallel = function (selector, updates, callback) {\n    var self = this;\n    var done = _.after(updates.length, callback);\n\n    var next = function (err, affectedDocsNum) {\n      if (err) return callback(err);\n      done(null, affectedDocsNum);\n    };\n\n    _.each(updates, function (update) {\n      self.$$collection.update(selector, update, next);\n    });\n  };\n\n  AngularMeteorCollection.remove = function (keyOrDocs) {\n    var keys;\n\n    // remove whole collection\n    if (!keyOrDocs) {\n      keys = _.pluck(this, '_id');\n    }\n    // remove docs\n    else {\n        keyOrDocs = [].concat(keyOrDocs);\n\n        keys = _.map(keyOrDocs, function (keyOrDoc) {\n          return keyOrDoc._id || keyOrDoc;\n        });\n      }\n\n    // Checks if all keys are correct.\n    check(keys, [Match.OneOf(String, Mongo.ObjectID)]);\n\n    var promises = keys.map(function (key) {\n      return this._removeDoc(key);\n    }, this);\n\n    return $meteorUtils.promiseAll(promises);\n  };\n\n  AngularMeteorCollection._removeDoc = function (id) {\n    var deferred = $q.defer();\n    var collection = this.$$collection;\n    var fulfill = $meteorUtils.fulfill(deferred, null, { _id: id, action: 'removed' });\n    collection.remove(id, fulfill);\n    return deferred.promise;\n  };\n\n  AngularMeteorCollection._updateCursor = function (cursor, autoClientSave) {\n    var self = this;\n    // XXX - consider adding an option for a non-orderd result for faster performance\n    if (self._hObserve) self._stopObserving();\n\n    self._hObserve = cursor.observe({\n      addedAt: function (doc, atIndex) {\n        self.splice(atIndex, 0, doc);\n        self._serverBackup.splice(atIndex, 0, doc);\n        self._setServerUpdateMode();\n      },\n\n      changedAt: function (doc, oldDoc, atIndex) {\n        diffArray.deepCopyChanges(self[atIndex], doc);\n        diffArray.deepCopyRemovals(self[atIndex], doc);\n        self._serverBackup[atIndex] = self[atIndex];\n        self._setServerUpdateMode();\n      },\n\n      movedTo: function (doc, fromIndex, toIndex) {\n        self.splice(fromIndex, 1);\n        self.splice(toIndex, 0, doc);\n        self._serverBackup.splice(fromIndex, 1);\n        self._serverBackup.splice(toIndex, 0, doc);\n        self._setServerUpdateMode();\n      },\n\n      removedAt: function (oldDoc) {\n        var removedIndex = $meteorUtils.findIndexById(self, oldDoc);\n\n        if (removedIndex != -1) {\n          self.splice(removedIndex, 1);\n          self._serverBackup.splice(removedIndex, 1);\n          self._setServerUpdateMode();\n        } else {\n          // If it's been removed on client then it's already not in collection\n          // itself but still is in the _serverBackup.\n          removedIndex = $meteorUtils.findIndexById(self._serverBackup, oldDoc);\n\n          if (removedIndex != -1) {\n            self._serverBackup.splice(removedIndex, 1);\n          }\n        }\n      }\n    });\n\n    self._hDataAutorun = Tracker.autorun(function () {\n      cursor.fetch();\n      if (self._serverMode) self._unsetServerUpdateMode(autoClientSave);\n    });\n  };\n\n  AngularMeteorCollection._stopObserving = function () {\n    this._hObserve.stop();\n    this._hDataAutorun.stop();\n    delete this._serverMode;\n    delete this._hUnsetTimeout;\n  };\n\n  AngularMeteorCollection._setServerUpdateMode = function (name) {\n    this._serverMode = true;\n    // To simplify server update logic, we don't follow\n    // updates from the client at the same time.\n    this._unsetAutoClientSave();\n  };\n\n  // Here we use $timeout to combine multiple updates that go\n  // each one after another.\n  AngularMeteorCollection._unsetServerUpdateMode = function (autoClientSave) {\n    var self = this;\n\n    if (self._hUnsetTimeout) {\n      $timeout.cancel(self._hUnsetTimeout);\n      self._hUnsetTimeout = null;\n    }\n\n    self._hUnsetTimeout = $timeout(function () {\n      self._serverMode = false;\n      // Finds updates that was potentially done from the client side\n      // and saves them.\n      var changes = diffArray.getChanges(self, self._serverBackup, self._diffArrayFunc);\n      self._saveChanges(changes);\n      // After, continues following client updates.\n      if (autoClientSave) self._setAutoClientSave();\n    }, 0);\n  };\n\n  AngularMeteorCollection.stop = function () {\n    this._stopCursor();\n    this._hNewCurAutorun.stop();\n  };\n\n  AngularMeteorCollection._stopCursor = function () {\n    this._unsetAutoClientSave();\n\n    if (this._hObserve) {\n      this._hObserve.stop();\n      this._hDataAutorun.stop();\n    }\n\n    this.splice(0);\n    this._serverBackup.splice(0);\n  };\n\n  AngularMeteorCollection._unsetAutoClientSave = function (name) {\n    if (this._hRegAutoBind) {\n      this._hRegAutoBind();\n      this._hRegAutoBind = null;\n    }\n  };\n\n  AngularMeteorCollection._setAutoClientSave = function () {\n    var self = this;\n\n    // Always unsets auto save to keep only one $watch handler.\n    self._unsetAutoClientSave();\n\n    self._hRegAutoBind = $rootScope.$watch(function () {\n      return self;\n    }, function (nItems, oItems) {\n      if (nItems === oItems) return;\n\n      var changes = diffArray.getChanges(self, oItems, self._diffArrayFunc);\n      self._unsetAutoClientSave();\n      self._saveChanges(changes);\n      self._setAutoClientSave();\n    }, true);\n  };\n\n  AngularMeteorCollection._saveChanges = function (changes) {\n    var self = this;\n\n    // Saves added documents\n    // Using reversed iteration to prevent indexes from changing during splice\n    var addedDocs = changes.added.reverse().map(function (descriptor) {\n      self.splice(descriptor.index, 1);\n      return descriptor.item;\n    });\n\n    if (addedDocs.length) self.save(addedDocs);\n\n    // Removes deleted documents\n    var removedDocs = changes.removed.map(function (descriptor) {\n      return descriptor.item;\n    });\n\n    if (removedDocs.length) self.remove(removedDocs);\n\n    // Updates changed documents\n    changes.changed.forEach(function (descriptor) {\n      self._updateDiff(descriptor.selector, descriptor.modifier);\n    });\n  };\n\n  return AngularMeteorCollection;\n}]);\n\nangularMeteorCollection.factory('$meteorCollectionFS', ['$meteorCollection', 'diffArray', '$angularMeteorSettings', function ($meteorCollection, diffArray, $angularMeteorSettings) {\n  function $meteorCollectionFS(reactiveFunc, autoClientSave, collection) {\n\n    if (!$angularMeteorSettings.suppressWarnings) console.warn('[angular-meteor.$meteorCollectionFS] Please note that this method is deprecated since 1.3.0 and will be removed in 1.4.0! For more info: http://www.angular-meteor.com/api/1.3.0/files. You can disable this warning by following this guide http://www.angular-meteor.com/api/1.3.6/settings');\n    return new $meteorCollection(reactiveFunc, autoClientSave, collection, diffArray.shallow);\n  }\n\n  return $meteorCollectionFS;\n}]);\n\nangularMeteorCollection.factory('$meteorCollection', ['AngularMeteorCollection', '$rootScope', 'diffArray', function (AngularMeteorCollection, $rootScope, diffArray) {\n  function $meteorCollection(reactiveFunc, autoClientSave, collection, diffFn) {\n    // Validate parameters\n    if (!reactiveFunc) {\n      throw new TypeError('The first argument of $meteorCollection is undefined.');\n    }\n\n    if (!(angular.isFunction(reactiveFunc) || angular.isFunction(reactiveFunc.find))) {\n      throw new TypeError('The first argument of $meteorCollection must be a function or ' + 'a have a find function property.');\n    }\n\n    if (!angular.isFunction(reactiveFunc)) {\n      collection = angular.isDefined(collection) ? collection : reactiveFunc;\n      reactiveFunc = _.bind(reactiveFunc.find, reactiveFunc);\n    }\n\n    // By default auto save - true.\n    autoClientSave = angular.isDefined(autoClientSave) ? autoClientSave : true;\n    diffFn = diffFn || diffArray;\n    return new AngularMeteorCollection(reactiveFunc, collection, diffFn, autoClientSave);\n  }\n\n  return $meteorCollection;\n}]);\n\nangularMeteorCollection.run(['$rootScope', '$meteorCollection', '$meteorCollectionFS', '$meteorStopper', function ($rootScope, $meteorCollection, $meteorCollectionFS, $meteorStopper) {\n  var scopeProto = Object.getPrototypeOf($rootScope);\n  scopeProto.$meteorCollection = $meteorStopper($meteorCollection);\n  scopeProto.$meteorCollectionFS = $meteorStopper($meteorCollectionFS);\n}]);","ast":null,"map":{"version":3,"sources":["/modules/angular-meteor-collection.js"],"names":[],"mappings":";;;;AAIA,YAAY,CAAC;;AAEb,IAAI,uBAAuB,GAAG,OAAO,CAAC,MAAM,CAAC,2BAA2B,EACtE,CAAC,wBAAwB,EAAE,0BAA0B,EAAE,sBAAsB,EAAE,WAAW,CAAC,CAAC,CAAC;;;;;;AAM/F,uBAAuB,CAAC,OAAO,CAAC,yBAAyB,EAAE,CACzD,IAAI,EAAE,kBAAkB,EAAE,cAAc,EAAE,YAAY,EAAE,UAAU,EAAE,WAAW,EAAE,wBAAwB,EACzG,UAAS,EAAE,EAAE,gBAAgB,EAAE,YAAY,EAAE,UAAU,EAAE,QAAQ,EAAE,SAAS,EAAE,sBAAsB,EAAE;;AAEpG,WAAS,uBAAuB,CAAC,UAAU,EAAE,UAAU,EAAE,aAAa,EAAE,cAAc,EAAE;AACtF,QAAI,CAAC,sBAAsB,CAAC,gBAAgB,EAC1C,OAAO,CAAC,IAAI,CAAC,wSAAwS,CAAC,CAAC;;AAEzT,QAAI,IAAI,GAAG,EAAE,CAAC;;;AAGd,QAAI,CAAC,aAAa,GAAG,EAAE,CAAC;;AAExB,QAAI,CAAC,cAAc,GAAG,aAAa,CAAC;;AAEpC,QAAI,CAAC,SAAS,GAAG,IAAI,CAAC;;;AAGtB,QAAI,CAAC,eAAe,GAAG,IAAI,CAAC;;;AAG5B,QAAI,CAAC,aAAa,GAAG,IAAI,CAAC;;AAE1B,QAAI,OAAO,CAAC,SAAS,CAAC,UAAU,CAAC,EAAE;AACjC,UAAI,CAAC,YAAY,GAAG,UAAU,CAAC;KAChC,MAAM;AACL,UAAI,MAAM,GAAG,UAAU,EAAE,CAAC;AAC1B,UAAI,CAAC,YAAY,GAAG,YAAY,CAAC,mBAAmB,CAAC,MAAM,CAAC,UAAU,CAAC,IAAI,CAAC,CAAC;KAC9E;;AAED,KAAC,CAAC,MAAM,CAAC,IAAI,EAAE,uBAAuB,CAAC,CAAC;AACxC,QAAI,CAAC,gBAAgB,CAAC,UAAU,EAAE,cAAc,CAAC,CAAC;;AAElD,WAAO,IAAI,CAAC;GACb;;AAED,yBAAuB,CAAC,gBAAgB,GAAG,UAAS,UAAU,EAAE,cAAc,EAAE;AAC9E,QAAI,IAAI,GAAG,IAAI,CAAC;;AAEhB,QAAI,CAAC,eAAe,GAAG,OAAO,CAAC,OAAO,CAAC,YAAW;;;AAGhD,aAAO,CAAC,YAAY,CAAC,YAAW;AAC9B,YAAI,CAAC,WAAW,EAAE,CAAC;OACpB,CAAC,CAAC;;AAEH,UAAI,cAAc,EAAE,IAAI,CAAC,kBAAkB,EAAE,CAAC;AAC9C,UAAI,CAAC,aAAa,CAAC,UAAU,EAAE,EAAE,cAAc,CAAC,CAAC;KAClD,CAAC,CAAC;GACJ,CAAC;;AAEF,yBAAuB,CAAC,SAAS,GAAG,YAAW;AAC7C,oBAAgB,CAAC,SAAS,CAAC,KAAK,CAAC,IAAI,EAAE,SAAS,CAAC,CAAC;AAClD,WAAO,IAAI,CAAC;GACb,CAAC;;AAEF,yBAAuB,CAAC,IAAI,GAAG,UAAS,IAAI,EAAE,gBAAgB,EAAE;;AAE9D,QAAI,CAAC,IAAI,EAAE,IAAI,GAAG,IAAI,CAAC;;AAEvB,QAAI,GAAG,EAAE,CAAC,MAAM,CAAC,IAAI,CAAC,CAAC;;AAEvB,QAAI,QAAQ,GAAG,IAAI,CAAC,GAAG,CAAC,UAAS,GAAG,EAAE;AACpC,aAAO,IAAI,CAAC,UAAU,CAAC,GAAG,EAAE,gBAAgB,CAAC,CAAC;KAC/C,EAAE,IAAI,CAAC,CAAC;;AAET,WAAO,YAAY,CAAC,UAAU,CAAC,QAAQ,CAAC,CAAC;GAC1C,CAAC;;AAEF,yBAAuB,CAAC,UAAU,GAAG,UAAS,GAAG,EAAE,gBAAgB,EAAE;AACnE,QAAI,QAAQ,GAAG,EAAE,CAAC,KAAK,EAAE,CAAC;AAC1B,QAAI,UAAU,GAAG,IAAI,CAAC,YAAY,CAAC;AACnC,QAAI,aAAa,GAAG,CAAC,CAAC,OAAO,CAAC,YAAY,CAAC,OAAO,EAAE,QAAQ,EAAE,IAAI,CAAC,CAAC;;;AAGpE,OAAG,GAAG,YAAY,CAAC,uBAAuB,CAAC,GAAG,CAAC,CAAC;AAChD,QAAI,KAAK,GAAG,GAAG,CAAC,GAAG,CAAC;AACpB,QAAI,OAAO,GAAG,UAAU,CAAC,OAAO,CAAC,KAAK,CAAC,CAAC;;;AAGxC,QAAI,OAAO,EAAE;;;AAGX,aAAO,GAAG,CAAC,GAAG,CAAC;AACf,UAAI,QAAQ,GAAG,gBAAgB,GAAG,EAAC,MAAM,EAAE,GAAG,EAAC,GAAG,EAAC,IAAI,EAAE,GAAG,EAAC,CAAC;;AAE9D,gBAAU,CAAC,MAAM,CAAC,KAAK,EAAE,QAAQ,EAAE,aAAa,CAAC,YAAW;AAC1D,eAAO,EAAC,GAAG,EAAE,KAAK,EAAE,MAAM,EAAE,SAAS,EAAC,CAAC;OACxC,CAAC,CAAC,CAAC;KACL;;SAEI;AACH,kBAAU,CAAC,MAAM,CAAC,GAAG,EAAE,aAAa,CAAC,UAAS,EAAE,EAAE;AAChD,iBAAO,EAAC,GAAG,EAAE,EAAE,EAAE,MAAM,EAAE,UAAU,EAAC,CAAC;SACtC,CAAC,CAAC,CAAC;OACL;;AAED,WAAO,QAAQ,CAAC,OAAO,CAAC;GACzB,CAAC;;;;;AAKF,yBAAuB,CAAC,WAAW,GAAG,UAAS,QAAQ,EAAE,MAAM,EAAE,QAAQ,EAAE;AACzE,YAAQ,GAAG,QAAQ,IAAI,OAAO,CAAC,IAAI,CAAC;AACpC,QAAI,OAAO,GAAG,CAAC,CAAC,IAAI,CAAC,MAAM,EAAE,OAAO,CAAC,CAAC;AACtC,QAAI,OAAO,GAAG,CAAC,OAAO,CAAC,CAAC;;AAExB,KAAC,CAAC,IAAI,CAAC,MAAM,CAAC,KAAK,EAAE,UAAS,IAAI,EAAE,IAAI,EAAE;AACxC,UAAI,MAAM,GAAG,EAAE,CAAC;AAChB,YAAM,CAAC,IAAI,CAAC,GAAG,IAAI,CAAC;AACpB,aAAO,CAAC,IAAI,CAAC,EAAE,KAAK,EAAE,MAAM,EAAE,CAAC,CAAC;KACjC,CAAC,CAAC;;AAEH,QAAI,CAAC,eAAe,CAAC,QAAQ,EAAE,OAAO,EAAE,QAAQ,CAAC,CAAC;GACnD,CAAC;;;AAGF,yBAAuB,CAAC,eAAe,GAAG,UAAS,QAAQ,EAAE,OAAO,EAAE,QAAQ,EAAE;AAC9E,QAAI,IAAI,GAAG,IAAI,CAAC;AAChB,QAAI,IAAI,GAAG,CAAC,CAAC,KAAK,CAAC,OAAO,CAAC,MAAM,EAAE,QAAQ,CAAC,CAAC;;AAE7C,QAAI,IAAI,GAAG,UAAS,GAAG,EAAE,eAAe,EAAE;AACxC,UAAI,GAAG,EAAE,OAAO,QAAQ,CAAC,GAAG,CAAC,CAAC;AAC9B,UAAI,CAAC,IAAI,EAAE,eAAe,CAAC,CAAC;KAC7B,CAAC;;AAEF,KAAC,CAAC,IAAI,CAAC,OAAO,EAAE,UAAS,MAAM,EAAE;AAC/B,UAAI,CAAC,YAAY,CAAC,MAAM,CAAC,QAAQ,EAAE,MAAM,EAAE,IAAI,CAAC,CAAC;KAClD,CAAC,CAAC;GACJ,CAAC;;AAEF,yBAAuB,CAAC,MAAM,GAAG,UAAS,SAAS,EAAE;AACnD,QAAI,IAAI,CAAC;;;AAGT,QAAI,CAAC,SAAS,EAAE;AACd,UAAI,GAAG,CAAC,CAAC,KAAK,CAAC,IAAI,EAAE,KAAK,CAAC,CAAC;KAC7B;;SAEI;AACH,iBAAS,GAAG,EAAE,CAAC,MAAM,CAAC,SAAS,CAAC,CAAC;;AAEjC,YAAI,GAAG,CAAC,CAAC,GAAG,CAAC,SAAS,EAAE,UAAS,QAAQ,EAAE;AACzC,iBAAO,QAAQ,CAAC,GAAG,IAAI,QAAQ,CAAC;SACjC,CAAC,CAAC;OACJ;;;AAGD,SAAK,CAAC,IAAI,EAAE,CAAC,KAAK,CAAC,KAAK,CAAC,MAAM,EAAE,KAAK,CAAC,QAAQ,CAAC,CAAC,CAAC,CAAC;;AAEnD,QAAI,QAAQ,GAAG,IAAI,CAAC,GAAG,CAAC,UAAS,GAAG,EAAE;AACpC,aAAO,IAAI,CAAC,UAAU,CAAC,GAAG,CAAC,CAAC;KAC7B,EAAE,IAAI,CAAC,CAAC;;AAET,WAAO,YAAY,CAAC,UAAU,CAAC,QAAQ,CAAC,CAAC;GAC1C,CAAC;;AAEF,yBAAuB,CAAC,UAAU,GAAG,UAAS,EAAE,EAAE;AAChD,QAAI,QAAQ,GAAG,EAAE,CAAC,KAAK,EAAE,CAAC;AAC1B,QAAI,UAAU,GAAG,IAAI,CAAC,YAAY,CAAC;AACnC,QAAI,OAAO,GAAG,YAAY,CAAC,OAAO,CAAC,QAAQ,EAAE,IAAI,EAAE,EAAE,GAAG,EAAE,EAAE,EAAE,MAAM,EAAE,SAAS,EAAE,CAAC,CAAC;AACnF,cAAU,CAAC,MAAM,CAAC,EAAE,EAAE,OAAO,CAAC,CAAC;AAC/B,WAAO,QAAQ,CAAC,OAAO,CAAC;GACzB,CAAC;;AAEF,yBAAuB,CAAC,aAAa,GAAG,UAAS,MAAM,EAAE,cAAc,EAAE;AACvE,QAAI,IAAI,GAAG,IAAI,CAAC;;AAEhB,QAAI,IAAI,CAAC,SAAS,EAAE,IAAI,CAAC,cAAc,EAAE,CAAC;;AAG1C,QAAI,CAAC,SAAS,GAAG,MAAM,CAAC,OAAO,CAAC;AAC9B,aAAO,EAAE,UAAS,GAAG,EAAE,OAAO,EAAE;AAC9B,YAAI,CAAC,MAAM,CAAC,OAAO,EAAE,CAAC,EAAE,GAAG,CAAC,CAAC;AAC7B,YAAI,CAAC,aAAa,CAAC,MAAM,CAAC,OAAO,EAAE,CAAC,EAAE,GAAG,CAAC,CAAC;AAC3C,YAAI,CAAC,oBAAoB,EAAE,CAAC;OAC7B;;AAED,eAAS,EAAE,UAAS,GAAG,EAAE,MAAM,EAAE,OAAO,EAAE;AACxC,iBAAS,CAAC,eAAe,CAAC,IAAI,CAAC,OAAO,CAAC,EAAE,GAAG,CAAC,CAAC;AAC9C,iBAAS,CAAC,gBAAgB,CAAC,IAAI,CAAC,OAAO,CAAC,EAAE,GAAG,CAAC,CAAC;AAC/C,YAAI,CAAC,aAAa,CAAC,OAAO,CAAC,GAAG,IAAI,CAAC,OAAO,CAAC,CAAC;AAC5C,YAAI,CAAC,oBAAoB,EAAE,CAAC;OAC7B;;AAED,aAAO,EAAE,UAAS,GAAG,EAAE,SAAS,EAAE,OAAO,EAAE;AACzC,YAAI,CAAC,MAAM,CAAC,SAAS,EAAE,CAAC,CAAC,CAAC;AAC1B,YAAI,CAAC,MAAM,CAAC,OAAO,EAAE,CAAC,EAAE,GAAG,CAAC,CAAC;AAC7B,YAAI,CAAC,aAAa,CAAC,MAAM,CAAC,SAAS,EAAE,CAAC,CAAC,CAAC;AACxC,YAAI,CAAC,aAAa,CAAC,MAAM,CAAC,OAAO,EAAE,CAAC,EAAE,GAAG,CAAC,CAAC;AAC3C,YAAI,CAAC,oBAAoB,EAAE,CAAC;OAC7B;;AAED,eAAS,EAAE,UAAS,MAAM,EAAE;AAC1B,YAAI,YAAY,GAAG,YAAY,CAAC,aAAa,CAAC,IAAI,EAAE,MAAM,CAAC,CAAC;;AAE5D,YAAI,YAAY,IAAI,CAAC,CAAC,EAAE;AACtB,cAAI,CAAC,MAAM,CAAC,YAAY,EAAE,CAAC,CAAC,CAAC;AAC7B,cAAI,CAAC,aAAa,CAAC,MAAM,CAAC,YAAY,EAAE,CAAC,CAAC,CAAC;AAC3C,cAAI,CAAC,oBAAoB,EAAE,CAAC;SAC7B,MAAM;;;AAGL,sBAAY,GAAG,YAAY,CAAC,aAAa,CAAC,IAAI,CAAC,aAAa,EAAE,MAAM,CAAC,CAAC;;AAEtE,cAAI,YAAY,IAAI,CAAC,CAAC,EAAE;AACtB,gBAAI,CAAC,aAAa,CAAC,MAAM,CAAC,YAAY,EAAE,CAAC,CAAC,CAAC;WAC5C;SACF;OACF;KACF,CAAC,CAAC;;AAEH,QAAI,CAAC,aAAa,GAAG,OAAO,CAAC,OAAO,CAAC,YAAW;AAC9C,YAAM,CAAC,KAAK,EAAE,CAAC;AACf,UAAI,IAAI,CAAC,WAAW,EAAE,IAAI,CAAC,sBAAsB,CAAC,cAAc,CAAC,CAAC;KACnE,CAAC,CAAC;GACJ,CAAC;;AAEF,yBAAuB,CAAC,cAAc,GAAG,YAAW;AAClD,QAAI,CAAC,SAAS,CAAC,IAAI,EAAE,CAAC;AACtB,QAAI,CAAC,aAAa,CAAC,IAAI,EAAE,CAAC;AAC1B,WAAO,IAAI,CAAC,WAAW,CAAC;AACxB,WAAO,IAAI,CAAC,cAAc,CAAC;GAC5B,CAAC;;AAEF,yBAAuB,CAAC,oBAAoB,GAAG,UAAS,IAAI,EAAE;AAC5D,QAAI,CAAC,WAAW,GAAG,IAAI,CAAC;;;AAGxB,QAAI,CAAC,oBAAoB,EAAE,CAAC;GAC7B,CAAC;;;;AAIF,yBAAuB,CAAC,sBAAsB,GAAG,UAAS,cAAc,EAAE;AACxE,QAAI,IAAI,GAAG,IAAI,CAAC;;AAEhB,QAAI,IAAI,CAAC,cAAc,EAAE;AACvB,cAAQ,CAAC,MAAM,CAAC,IAAI,CAAC,cAAc,CAAC,CAAC;AACrC,UAAI,CAAC,cAAc,GAAG,IAAI,CAAC;KAC5B;;AAED,QAAI,CAAC,cAAc,GAAG,QAAQ,CAAC,YAAW;AACxC,UAAI,CAAC,WAAW,GAAG,KAAK,CAAC;;;AAGzB,UAAI,OAAO,GAAG,SAAS,CAAC,UAAU,CAAC,IAAI,EAAE,IAAI,CAAC,aAAa,EAAE,IAAI,CAAC,cAAc,CAAC,CAAC;AAClF,UAAI,CAAC,YAAY,CAAC,OAAO,CAAC,CAAC;;AAE3B,UAAI,cAAc,EAAE,IAAI,CAAC,kBAAkB,EAAE,CAAC;KAC/C,EAAE,CAAC,CAAC,CAAC;GACP,CAAC;;AAEF,yBAAuB,CAAC,IAAI,GAAG,YAAW;AACxC,QAAI,CAAC,WAAW,EAAE,CAAC;AACnB,QAAI,CAAC,eAAe,CAAC,IAAI,EAAE,CAAC;GAC7B,CAAC;;AAEF,yBAAuB,CAAC,WAAW,GAAG,YAAW;AAC/C,QAAI,CAAC,oBAAoB,EAAE,CAAC;;AAE5B,QAAI,IAAI,CAAC,SAAS,EAAE;AAClB,UAAI,CAAC,SAAS,CAAC,IAAI,EAAE,CAAC;AACtB,UAAI,CAAC,aAAa,CAAC,IAAI,EAAE,CAAC;KAC3B;;AAED,QAAI,CAAC,MAAM,CAAC,CAAC,CAAC,CAAC;AACf,QAAI,CAAC,aAAa,CAAC,MAAM,CAAC,CAAC,CAAC,CAAC;GAC9B,CAAC;;AAEF,yBAAuB,CAAC,oBAAoB,GAAG,UAAS,IAAI,EAAE;AAC5D,QAAI,IAAI,CAAC,aAAa,EAAE;AACtB,UAAI,CAAC,aAAa,EAAE,CAAC;AACrB,UAAI,CAAC,aAAa,GAAG,IAAI,CAAC;KAC3B;GACF,CAAC;;AAEF,yBAAuB,CAAC,kBAAkB,GAAG,YAAW;AACtD,QAAI,IAAI,GAAG,IAAI,CAAC;;;AAGhB,QAAI,CAAC,oBAAoB,EAAE,CAAC;;AAE5B,QAAI,CAAC,aAAa,GAAG,UAAU,CAAC,MAAM,CAAC,YAAW;AAChD,aAAO,IAAI,CAAC;KACb,EAAE,UAAS,MAAM,EAAE,MAAM,EAAE;AAC1B,UAAI,MAAM,KAAK,MAAM,EAAE,OAAO;;AAE9B,UAAI,OAAO,GAAG,SAAS,CAAC,UAAU,CAAC,IAAI,EAAE,MAAM,EAAE,IAAI,CAAC,cAAc,CAAC,CAAC;AACtE,UAAI,CAAC,oBAAoB,EAAE,CAAC;AAC5B,UAAI,CAAC,YAAY,CAAC,OAAO,CAAC,CAAC;AAC3B,UAAI,CAAC,kBAAkB,EAAE,CAAC;KAC3B,EAAE,IAAI,CAAC,CAAC;GACV,CAAC;;AAEF,yBAAuB,CAAC,YAAY,GAAG,UAAS,OAAO,EAAE;AACvD,QAAI,IAAI,GAAG,IAAI,CAAC;;;;AAIhB,QAAI,SAAS,GAAG,OAAO,CAAC,KAAK,CAAC,OAAO,EAAE,CAAC,GAAG,CAAC,UAAS,UAAU,EAAE;AAC/D,UAAI,CAAC,MAAM,CAAC,UAAU,CAAC,KAAK,EAAE,CAAC,CAAC,CAAC;AACjC,aAAO,UAAU,CAAC,IAAI,CAAC;KACxB,CAAC,CAAC;;AAEH,QAAI,SAAS,CAAC,MAAM,EAAE,IAAI,CAAC,IAAI,CAAC,SAAS,CAAC,CAAC;;;AAG3C,QAAI,WAAW,GAAG,OAAO,CAAC,OAAO,CAAC,GAAG,CAAC,UAAS,UAAU,EAAE;AACzD,aAAO,UAAU,CAAC,IAAI,CAAC;KACxB,CAAC,CAAC;;AAEH,QAAI,WAAW,CAAC,MAAM,EAAE,IAAI,CAAC,MAAM,CAAC,WAAW,CAAC,CAAC;;;AAGjD,WAAO,CAAC,OAAO,CAAC,OAAO,CAAC,UAAS,UAAU,EAAE;AAC3C,UAAI,CAAC,WAAW,CAAC,UAAU,CAAC,QAAQ,EAAE,UAAU,CAAC,QAAQ,CAAC,CAAC;KAC5D,CAAC,CAAC;GACJ,CAAC;;AAEF,SAAO,uBAAuB,CAAC;CAClC,CAAC,CAAC,CAAC;;AAEJ,uBAAuB,CAAC,OAAO,CAAC,qBAAqB,EAAE,CACrD,mBAAmB,EAAE,WAAW,EAAE,wBAAwB,EAC1D,UAAS,iBAAiB,EAAE,SAAS,EAAE,sBAAsB,EAAE;AAC7D,WAAS,mBAAmB,CAAC,YAAY,EAAE,cAAc,EAAE,UAAU,EAAE;;AAErE,QAAI,CAAC,sBAAsB,CAAC,gBAAgB,EAC1C,OAAO,CAAC,IAAI,CAAC,+RAA+R,CAAC,CAAC;AAChT,WAAO,IAAI,iBAAiB,CAAC,YAAY,EAAE,cAAc,EAAE,UAAU,EAAE,SAAS,CAAC,OAAO,CAAC,CAAC;GAC3F;;AAED,SAAO,mBAAmB,CAAC;CAC9B,CAAC,CAAC,CAAC;;AAEJ,uBAAuB,CAAC,OAAO,CAAC,mBAAmB,EAAE,CACnD,yBAAyB,EAAE,YAAY,EAAE,WAAW,EACpD,UAAS,uBAAuB,EAAE,UAAU,EAAE,SAAS,EAAE;AACvD,WAAS,iBAAiB,CAAC,YAAY,EAAE,cAAc,EAAE,UAAU,EAAE,MAAM,EAAE;;AAE3E,QAAI,CAAC,YAAY,EAAE;AACjB,YAAM,IAAI,SAAS,CAAC,uDAAuD,CAAC,CAAC;KAC9E;;AAED,QAAI,EAAE,OAAO,CAAC,UAAU,CAAC,YAAY,CAAC,IAAI,OAAO,CAAC,UAAU,CAAC,YAAY,CAAC,IAAI,CAAC,CAAA,AAAC,EAAE;AAChF,YAAM,IAAI,SAAS,CACjB,gEAAgE,GAC9D,kCAAkC,CAAC,CAAC;KACzC;;AAED,QAAI,CAAC,OAAO,CAAC,UAAU,CAAC,YAAY,CAAC,EAAE;AACrC,gBAAU,GAAG,OAAO,CAAC,SAAS,CAAC,UAAU,CAAC,GAAG,UAAU,GAAG,YAAY,CAAC;AACvE,kBAAY,GAAG,CAAC,CAAC,IAAI,CAAC,YAAY,CAAC,IAAI,EAAE,YAAY,CAAC,CAAC;KACxD;;;AAGD,kBAAc,GAAG,OAAO,CAAC,SAAS,CAAC,cAAc,CAAC,GAAG,cAAc,GAAG,IAAI,CAAC;AAC3E,UAAM,GAAG,MAAM,IAAI,SAAS,CAAC;AAC7B,WAAO,IAAI,uBAAuB,CAAC,YAAY,EAAE,UAAU,EAAE,MAAM,EAAE,cAAc,CAAC,CAAC;GACtF;;AAED,SAAO,iBAAiB,CAAC;CAC5B,CAAC,CAAC,CAAC;;AAEJ,uBAAuB,CAAC,GAAG,CAAC,CAC1B,YAAY,EAAE,mBAAmB,EAAE,qBAAqB,EAAE,gBAAgB,EAC1E,UAAS,UAAU,EAAE,iBAAiB,EAAE,mBAAmB,EAAE,cAAc,EAAE;AAC3E,MAAI,UAAU,GAAG,MAAM,CAAC,cAAc,CAAC,UAAU,CAAC,CAAC;AACnD,YAAU,CAAC,iBAAiB,GAAG,cAAc,CAAC,iBAAiB,CAAC,CAAC;AACjE,YAAU,CAAC,mBAAmB,GAAG,cAAc,CAAC,mBAAmB,CAAC,CAAC;CACxE,CAAC,CAAC,CAAC","file":"/modules/angular-meteor-collection.js.map","sourcesContent":["/*global\n angular, _, Tracker, check, Match, Mongo\n */\n\n'use strict';\n\nvar angularMeteorCollection = angular.module('angular-meteor.collection',\n  ['angular-meteor.stopper', 'angular-meteor.subscribe', 'angular-meteor.utils', 'diffArray']);\n\n// The reason angular meteor collection is a factory function and not something\n// that inherit from array comes from here:\n// http://perfectionkills.com/how-ecmascript-5-still-does-not-allow-to-subclass-an-array/\n// We went with the direct extensions approach.\nangularMeteorCollection.factory('AngularMeteorCollection', [\n  '$q', '$meteorSubscribe', '$meteorUtils', '$rootScope', '$timeout', 'diffArray', '$angularMeteorSettings',\n  function($q, $meteorSubscribe, $meteorUtils, $rootScope, $timeout, diffArray, $angularMeteorSettings) {\n\n    function AngularMeteorCollection(curDefFunc, collection, diffArrayFunc, autoClientSave) {\n      if (!$angularMeteorSettings.suppressWarnings)\n        console.warn('[angular-meteor.$meteorCollection] Please note that this method is deprecated since 1.3.0 and will be removed in 1.4.0! For more info: http://www.angular-meteor.com/api/1.3.0/meteorCollection. You can disable this warning by following this guide http://www.angular-meteor.com/api/1.3.6/settings');\n\n      var data = [];\n      // Server backup data to evaluate what changes come from client\n      // after each server update.\n      data._serverBackup = [];\n      // Array differ function.\n      data._diffArrayFunc = diffArrayFunc;\n      // Handler of the cursor observer.\n      data._hObserve = null;\n      // On new cursor autorun handler\n      // (autorun for reactive variables).\n      data._hNewCurAutorun = null;\n      // On new data autorun handler\n      // (autorun for cursor.fetch).\n      data._hDataAutorun = null;\n\n      if (angular.isDefined(collection)) {\n        data.$$collection = collection;\n      } else {\n        var cursor = curDefFunc();\n        data.$$collection = $meteorUtils.getCollectionByName(cursor.collection.name);\n      }\n\n      _.extend(data, AngularMeteorCollection);\n      data._startCurAutorun(curDefFunc, autoClientSave);\n\n      return data;\n    }\n\n    AngularMeteorCollection._startCurAutorun = function(curDefFunc, autoClientSave) {\n      var self = this;\n\n      self._hNewCurAutorun = Tracker.autorun(function() {\n        // When the reactive func gets recomputated we need to stop any previous\n        // observeChanges.\n        Tracker.onInvalidate(function() {\n          self._stopCursor();\n        });\n\n        if (autoClientSave) self._setAutoClientSave();\n        self._updateCursor(curDefFunc(), autoClientSave);\n      });\n    };\n\n    AngularMeteorCollection.subscribe = function() {\n      $meteorSubscribe.subscribe.apply(this, arguments);\n      return this;\n    };\n\n    AngularMeteorCollection.save = function(docs, useUnsetModifier) {\n      // save whole collection\n      if (!docs) docs = this;\n      // save single doc\n      docs = [].concat(docs);\n\n      var promises = docs.map(function(doc) {\n        return this._upsertDoc(doc, useUnsetModifier);\n      }, this);\n\n      return $meteorUtils.promiseAll(promises);\n    };\n\n    AngularMeteorCollection._upsertDoc = function(doc, useUnsetModifier) {\n      var deferred = $q.defer();\n      var collection = this.$$collection;\n      var createFulfill = _.partial($meteorUtils.fulfill, deferred, null);\n\n      // delete $$hashkey\n      doc = $meteorUtils.stripDollarPrefixedKeys(doc);\n      var docId = doc._id;\n      var isExist = collection.findOne(docId);\n\n      // update\n      if (isExist) {\n        // Deletes _id property (from the copy) so that\n        // it can be $set using update.\n        delete doc._id;\n        var modifier = useUnsetModifier ? {$unset: doc} : {$set: doc};\n        // NOTE: do not use #upsert() method, since it does not exist in some collections\n        collection.update(docId, modifier, createFulfill(function() {\n          return {_id: docId, action: 'updated'};\n        }));\n      }\n      // insert\n      else {\n        collection.insert(doc, createFulfill(function(id) {\n          return {_id: id, action: 'inserted'};\n        }));\n      }\n\n      return deferred.promise;\n    };\n\n    // performs $pull operations parallely.\n    // used for handling splice operations returned from getUpdates() to prevent conflicts.\n    // see issue: https://github.com/Urigo/angular-meteor/issues/793\n    AngularMeteorCollection._updateDiff = function(selector, update, callback) {\n      callback = callback || angular.noop;\n      var setters = _.omit(update, '$pull');\n      var updates = [setters];\n\n      _.each(update.$pull, function(pull, prop) {\n        var puller = {};\n        puller[prop] = pull;\n        updates.push({ $pull: puller });\n      });\n\n      this._updateParallel(selector, updates, callback);\n    };\n\n    // performs each update operation parallely\n    AngularMeteorCollection._updateParallel = function(selector, updates, callback) {\n      var self = this;\n      var done = _.after(updates.length, callback);\n\n      var next = function(err, affectedDocsNum) {\n        if (err) return callback(err);\n        done(null, affectedDocsNum);\n      };\n\n      _.each(updates, function(update) {\n        self.$$collection.update(selector, update, next);\n      });\n    };\n\n    AngularMeteorCollection.remove = function(keyOrDocs) {\n      var keys;\n\n      // remove whole collection\n      if (!keyOrDocs) {\n        keys = _.pluck(this, '_id');\n      }\n      // remove docs\n      else {\n        keyOrDocs = [].concat(keyOrDocs);\n\n        keys = _.map(keyOrDocs, function(keyOrDoc) {\n          return keyOrDoc._id || keyOrDoc;\n        });\n      }\n\n      // Checks if all keys are correct.\n      check(keys, [Match.OneOf(String, Mongo.ObjectID)]);\n\n      var promises = keys.map(function(key) {\n        return this._removeDoc(key);\n      }, this);\n\n      return $meteorUtils.promiseAll(promises);\n    };\n\n    AngularMeteorCollection._removeDoc = function(id) {\n      var deferred = $q.defer();\n      var collection = this.$$collection;\n      var fulfill = $meteorUtils.fulfill(deferred, null, { _id: id, action: 'removed' });\n      collection.remove(id, fulfill);\n      return deferred.promise;\n    };\n\n    AngularMeteorCollection._updateCursor = function(cursor, autoClientSave) {\n      var self = this;\n      // XXX - consider adding an option for a non-orderd result for faster performance\n      if (self._hObserve) self._stopObserving();\n\n\n      self._hObserve = cursor.observe({\n        addedAt: function(doc, atIndex) {\n          self.splice(atIndex, 0, doc);\n          self._serverBackup.splice(atIndex, 0, doc);\n          self._setServerUpdateMode();\n        },\n\n        changedAt: function(doc, oldDoc, atIndex) {\n          diffArray.deepCopyChanges(self[atIndex], doc);\n          diffArray.deepCopyRemovals(self[atIndex], doc);\n          self._serverBackup[atIndex] = self[atIndex];\n          self._setServerUpdateMode();\n        },\n\n        movedTo: function(doc, fromIndex, toIndex) {\n          self.splice(fromIndex, 1);\n          self.splice(toIndex, 0, doc);\n          self._serverBackup.splice(fromIndex, 1);\n          self._serverBackup.splice(toIndex, 0, doc);\n          self._setServerUpdateMode();\n        },\n\n        removedAt: function(oldDoc) {\n          var removedIndex = $meteorUtils.findIndexById(self, oldDoc);\n\n          if (removedIndex != -1) {\n            self.splice(removedIndex, 1);\n            self._serverBackup.splice(removedIndex, 1);\n            self._setServerUpdateMode();\n          } else {\n            // If it's been removed on client then it's already not in collection\n            // itself but still is in the _serverBackup.\n            removedIndex = $meteorUtils.findIndexById(self._serverBackup, oldDoc);\n\n            if (removedIndex != -1) {\n              self._serverBackup.splice(removedIndex, 1);\n            }\n          }\n        }\n      });\n\n      self._hDataAutorun = Tracker.autorun(function() {\n        cursor.fetch();\n        if (self._serverMode) self._unsetServerUpdateMode(autoClientSave);\n      });\n    };\n\n    AngularMeteorCollection._stopObserving = function() {\n      this._hObserve.stop();\n      this._hDataAutorun.stop();\n      delete this._serverMode;\n      delete this._hUnsetTimeout;\n    };\n\n    AngularMeteorCollection._setServerUpdateMode = function(name) {\n      this._serverMode = true;\n      // To simplify server update logic, we don't follow\n      // updates from the client at the same time.\n      this._unsetAutoClientSave();\n    };\n\n    // Here we use $timeout to combine multiple updates that go\n    // each one after another.\n    AngularMeteorCollection._unsetServerUpdateMode = function(autoClientSave) {\n      var self = this;\n\n      if (self._hUnsetTimeout) {\n        $timeout.cancel(self._hUnsetTimeout);\n        self._hUnsetTimeout = null;\n      }\n\n      self._hUnsetTimeout = $timeout(function() {\n        self._serverMode = false;\n        // Finds updates that was potentially done from the client side\n        // and saves them.\n        var changes = diffArray.getChanges(self, self._serverBackup, self._diffArrayFunc);\n        self._saveChanges(changes);\n        // After, continues following client updates.\n        if (autoClientSave) self._setAutoClientSave();\n      }, 0);\n    };\n\n    AngularMeteorCollection.stop = function() {\n      this._stopCursor();\n      this._hNewCurAutorun.stop();\n    };\n\n    AngularMeteorCollection._stopCursor = function() {\n      this._unsetAutoClientSave();\n\n      if (this._hObserve) {\n        this._hObserve.stop();\n        this._hDataAutorun.stop();\n      }\n\n      this.splice(0);\n      this._serverBackup.splice(0);\n    };\n\n    AngularMeteorCollection._unsetAutoClientSave = function(name) {\n      if (this._hRegAutoBind) {\n        this._hRegAutoBind();\n        this._hRegAutoBind = null;\n      }\n    };\n\n    AngularMeteorCollection._setAutoClientSave = function() {\n      var self = this;\n\n      // Always unsets auto save to keep only one $watch handler.\n      self._unsetAutoClientSave();\n\n      self._hRegAutoBind = $rootScope.$watch(function() {\n        return self;\n      }, function(nItems, oItems) {\n        if (nItems === oItems) return;\n\n        var changes = diffArray.getChanges(self, oItems, self._diffArrayFunc);\n        self._unsetAutoClientSave();\n        self._saveChanges(changes);\n        self._setAutoClientSave();\n      }, true);\n    };\n\n    AngularMeteorCollection._saveChanges = function(changes) {\n      var self = this;\n\n      // Saves added documents\n      // Using reversed iteration to prevent indexes from changing during splice\n      var addedDocs = changes.added.reverse().map(function(descriptor) {\n        self.splice(descriptor.index, 1);\n        return descriptor.item;\n      });\n\n      if (addedDocs.length) self.save(addedDocs);\n\n      // Removes deleted documents\n      var removedDocs = changes.removed.map(function(descriptor) {\n        return descriptor.item;\n      });\n\n      if (removedDocs.length) self.remove(removedDocs);\n\n      // Updates changed documents\n      changes.changed.forEach(function(descriptor) {\n        self._updateDiff(descriptor.selector, descriptor.modifier);\n      });\n    };\n\n    return AngularMeteorCollection;\n}]);\n\nangularMeteorCollection.factory('$meteorCollectionFS', [\n  '$meteorCollection', 'diffArray', '$angularMeteorSettings',\n  function($meteorCollection, diffArray, $angularMeteorSettings) {\n    function $meteorCollectionFS(reactiveFunc, autoClientSave, collection) {\n\n      if (!$angularMeteorSettings.suppressWarnings)\n        console.warn('[angular-meteor.$meteorCollectionFS] Please note that this method is deprecated since 1.3.0 and will be removed in 1.4.0! For more info: http://www.angular-meteor.com/api/1.3.0/files. You can disable this warning by following this guide http://www.angular-meteor.com/api/1.3.6/settings');\n      return new $meteorCollection(reactiveFunc, autoClientSave, collection, diffArray.shallow);\n    }\n\n    return $meteorCollectionFS;\n}]);\n\nangularMeteorCollection.factory('$meteorCollection', [\n  'AngularMeteorCollection', '$rootScope', 'diffArray',\n  function(AngularMeteorCollection, $rootScope, diffArray) {\n    function $meteorCollection(reactiveFunc, autoClientSave, collection, diffFn) {\n      // Validate parameters\n      if (!reactiveFunc) {\n        throw new TypeError('The first argument of $meteorCollection is undefined.');\n      }\n\n      if (!(angular.isFunction(reactiveFunc) || angular.isFunction(reactiveFunc.find))) {\n        throw new TypeError(\n          'The first argument of $meteorCollection must be a function or ' +\n            'a have a find function property.');\n      }\n\n      if (!angular.isFunction(reactiveFunc)) {\n        collection = angular.isDefined(collection) ? collection : reactiveFunc;\n        reactiveFunc = _.bind(reactiveFunc.find, reactiveFunc);\n      }\n\n      // By default auto save - true.\n      autoClientSave = angular.isDefined(autoClientSave) ? autoClientSave : true;\n      diffFn = diffFn || diffArray;\n      return new AngularMeteorCollection(reactiveFunc, collection, diffFn, autoClientSave);\n    }\n\n    return $meteorCollection;\n}]);\n\nangularMeteorCollection.run([\n  '$rootScope', '$meteorCollection', '$meteorCollectionFS', '$meteorStopper',\n  function($rootScope, $meteorCollection, $meteorCollectionFS, $meteorStopper) {\n    var scopeProto = Object.getPrototypeOf($rootScope);\n    scopeProto.$meteorCollection = $meteorStopper($meteorCollection);\n    scopeProto.$meteorCollectionFS = $meteorStopper($meteorCollectionFS);\n}]);\n"]},"hash":"7802bdc7ead6093df32934d03bfebb9887d2373e"}
