{"metadata":{"modules":{"imports":[],"exports":{"exported":[],"specifiers":[]}},"usedHelpers":[]},"ignored":false,"code":"angular.module('angular-meteor.core', ['angular-meteor.utilities', 'angular-meteor.mixer'])\n\n/*\n  A mixin which provides us with core Meteor functions.\n */\n.factory('$$Core', ['$q', '$$utils', function ($q, $$utils) {\n  function $$Core() {}\n\n  // Calls Meteor.autorun() which will be digested after each run and automatically destroyed\n  $$Core.autorun = function (fn) {\n    var options = arguments.length <= 1 || arguments[1] === undefined ? {} : arguments[1];\n\n    fn = this.$bindToContext(fn);\n\n    if (!_.isFunction(fn)) throw Error('argument 1 must be a function');\n    if (!_.isObject(options)) throw Error('argument 2 must be an object');\n\n    var computation = Tracker.autorun(fn, options);\n    this.$$autoStop(computation);\n    return computation;\n  };\n\n  // Calls Meteor.subscribe() which will be digested after each invokation and automatically destroyed\n  $$Core.subscribe = function (name, fn, cb) {\n    fn = this.$bindToContext(fn || angular.noop);\n    cb = cb ? this.$bindToContext(cb) : angular.noop;\n\n    if (!_.isString(name)) throw Error('argument 1 must be a string');\n    if (!_.isFunction(fn)) throw Error('argument 2 must be a function');\n    if (!_.isFunction(cb) && !_.isObject(cb)) throw Error('argument 3 must be a function or an object');\n\n    var result = {};\n\n    var computation = this.autorun(function () {\n      var _Meteor;\n\n      var args = fn();\n      if (angular.isUndefined(args)) args = [];\n\n      if (!_.isArray(args)) throw Error(\"reactive function's return value must be an array\");\n\n      var subscription = (_Meteor = Meteor).subscribe.apply(_Meteor, [name].concat(args, [cb]));\n      result.ready = subscription.ready.bind(subscription);\n      result.subscriptionId = subscription.subscriptionId;\n    });\n\n    // Once the computation has been stopped, any subscriptions made inside will be stopped as well\n    result.stop = computation.stop.bind(computation);\n    return result;\n  };\n\n  // Calls Meteor.call() wrapped by a digestion cycle\n  $$Core.callMethod = function () {\n    var _Meteor2;\n\n    for (var _len = arguments.length, args = Array(_len), _key = 0; _key < _len; _key++) {\n      args[_key] = arguments[_key];\n    }\n\n    var fn = args.pop();\n    if (_.isFunction(fn)) fn = this.$bindToContext(fn);\n    return (_Meteor2 = Meteor).call.apply(_Meteor2, args.concat([fn]));\n  };\n\n  // Calls Meteor.apply() wrapped by a digestion cycle\n  $$Core.applyMethod = function () {\n    var _Meteor3;\n\n    for (var _len2 = arguments.length, args = Array(_len2), _key2 = 0; _key2 < _len2; _key2++) {\n      args[_key2] = arguments[_key2];\n    }\n\n    var fn = args.pop();\n    if (_.isFunction(fn)) fn = this.$bindToContext(fn);\n    return (_Meteor3 = Meteor).apply.apply(_Meteor3, args.concat([fn]));\n  };\n\n  $$Core.$$autoStop = function (stoppable) {\n    this.$on('$destroy', stoppable.stop.bind(stoppable));\n  };\n\n  // Digests scope only if there is no phase at the moment\n  $$Core.$$throttledDigest = function () {\n    var isDigestable = !this.$$destroyed && !this.$$phase && !this.$root.$$phase;\n\n    if (isDigestable) this.$digest();\n  };\n\n  // Creates a promise only that the digestion cycle will be called at its fulfillment\n  $$Core.$$defer = function () {\n    var deferred = $q.defer();\n    // Once promise has been fulfilled, digest\n    deferred.promise = deferred.promise['finally'](this.$$throttledDigest.bind(this));\n    return deferred;\n  };\n\n  // Binds an object or a function to the scope to the view model and digest it once it is invoked\n  $$Core.$bindToContext = function (fn) {\n    return $$utils.bind(fn, this, this.$$throttledDigest.bind(this));\n  };\n\n  return $$Core;\n}]);","ast":null,"map":{"version":3,"sources":["/modules/core.js"],"names":[],"mappings":"AAAA,OAAO,CAAC,MAAM,CAAC,qBAAqB,EAAE,CACpC,0BAA0B,EAC1B,sBAAsB,CACvB,CAAC;;;;;CAMD,OAAO,CAAC,QAAQ,EAAE,CACjB,IAAI,EACJ,SAAS,EAEX,UAAS,EAAE,EAAE,OAAO,EAAE;AACpB,WAAS,MAAM,GAAG,EAAE;;;AAGpB,QAAM,CAAC,OAAO,GAAG,UAAS,EAAE,EAAgB;QAAd,OAAO,yDAAG,EAAE;;AACxC,MAAE,GAAG,IAAI,CAAC,cAAc,CAAC,EAAE,CAAC,CAAC;;AAE7B,QAAI,CAAC,CAAC,CAAC,UAAU,CAAC,EAAE,CAAC,EACnB,MAAM,KAAK,CAAC,+BAA+B,CAAC,CAAC;AAC/C,QAAI,CAAC,CAAC,CAAC,QAAQ,CAAC,OAAO,CAAC,EACtB,MAAM,KAAK,CAAC,8BAA8B,CAAC,CAAC;;AAE9C,QAAI,WAAW,GAAG,OAAO,CAAC,OAAO,CAAC,EAAE,EAAE,OAAO,CAAC,CAAC;AAC/C,QAAI,CAAC,UAAU,CAAC,WAAW,CAAC,CAAC;AAC7B,WAAO,WAAW,CAAC;GACpB,CAAC;;;AAGF,QAAM,CAAC,SAAS,GAAG,UAAS,IAAI,EAAE,EAAE,EAAE,EAAE,EAAE;AACxC,MAAE,GAAG,IAAI,CAAC,cAAc,CAAC,EAAE,IAAI,OAAO,CAAC,IAAI,CAAC,CAAC;AAC7C,MAAE,GAAG,EAAE,GAAG,IAAI,CAAC,cAAc,CAAC,EAAE,CAAC,GAAG,OAAO,CAAC,IAAI,CAAC;;AAEjD,QAAI,CAAC,CAAC,CAAC,QAAQ,CAAC,IAAI,CAAC,EACnB,MAAM,KAAK,CAAC,6BAA6B,CAAC,CAAC;AAC7C,QAAI,CAAC,CAAC,CAAC,UAAU,CAAC,EAAE,CAAC,EACnB,MAAM,KAAK,CAAC,+BAA+B,CAAC,CAAC;AAC/C,QAAI,CAAC,CAAC,CAAC,UAAU,CAAC,EAAE,CAAC,IAAI,CAAC,CAAC,CAAC,QAAQ,CAAC,EAAE,CAAC,EACtC,MAAM,KAAK,CAAC,4CAA4C,CAAC,CAAC;;AAE5D,QAAI,MAAM,GAAG,EAAE,CAAC;;AAEhB,QAAI,WAAW,GAAG,IAAI,CAAC,OAAO,CAAC,YAAM;;;AACnC,UAAI,IAAI,GAAG,EAAE,EAAE,CAAC;AAChB,UAAI,OAAO,CAAC,WAAW,CAAC,IAAI,CAAC,EAAE,IAAI,GAAG,EAAE,CAAC;;AAEzC,UAAI,CAAC,CAAC,CAAC,OAAO,CAAC,IAAI,CAAC,EAClB,MAAM,KAAK,CAAC,mDAAmD,CAAC,CAAC;;AAEnE,UAAI,YAAY,GAAG,WAAA,MAAM,EAAC,SAAS,MAAA,WAAC,IAAI,SAAK,IAAI,GAAE,EAAE,GAAC,CAAC;AACvD,YAAM,CAAC,KAAK,GAAG,YAAY,CAAC,KAAK,CAAC,IAAI,CAAC,YAAY,CAAC,CAAC;AACrD,YAAM,CAAC,cAAc,GAAI,YAAY,CAAC,cAAc,CAAC;KACtD,CAAC,CAAC;;;AAGH,UAAM,CAAC,IAAI,GAAG,WAAW,CAAC,IAAI,CAAC,IAAI,CAAC,WAAW,CAAC,CAAC;AACjD,WAAO,MAAM,CAAC;GACf,CAAC;;;AAGF,QAAM,CAAC,UAAU,GAAG,YAAkB;;;sCAAN,IAAI;AAAJ,UAAI;;;AAClC,QAAI,EAAE,GAAG,IAAI,CAAC,GAAG,EAAE,CAAC;AACpB,QAAI,CAAC,CAAC,UAAU,CAAC,EAAE,CAAC,EAAE,EAAE,GAAG,IAAI,CAAC,cAAc,CAAC,EAAE,CAAC,CAAC;AACnD,WAAO,YAAA,MAAM,EAAC,IAAI,MAAA,WAAI,IAAI,SAAE,EAAE,GAAC,CAAC;GACjC,CAAC;;;AAGF,QAAM,CAAC,WAAW,GAAG,YAAkB;;;uCAAN,IAAI;AAAJ,UAAI;;;AACnC,QAAI,EAAE,GAAG,IAAI,CAAC,GAAG,EAAE,CAAC;AACpB,QAAI,CAAC,CAAC,UAAU,CAAC,EAAE,CAAC,EAAE,EAAE,GAAG,IAAI,CAAC,cAAc,CAAC,EAAE,CAAC,CAAC;AACnD,WAAO,YAAA,MAAM,EAAC,KAAK,MAAA,WAAI,IAAI,SAAE,EAAE,GAAC,CAAC;GAClC,CAAC;;AAEF,QAAM,CAAC,UAAU,GAAG,UAAS,SAAS,EAAE;AACtC,QAAI,CAAC,GAAG,CAAC,UAAU,EAAE,SAAS,CAAC,IAAI,CAAC,IAAI,CAAC,SAAS,CAAC,CAAC,CAAC;GACtD,CAAC;;;AAGF,QAAM,CAAC,iBAAiB,GAAG,YAAW;AACpC,QAAI,YAAY,GACd,CAAC,IAAI,CAAC,WAAW,IACjB,CAAC,IAAI,CAAC,OAAO,IACb,CAAC,IAAI,CAAC,KAAK,CAAC,OAAO,CAAC;;AAEtB,QAAI,YAAY,EAAE,IAAI,CAAC,OAAO,EAAE,CAAC;GAClC,CAAC;;;AAGF,QAAM,CAAC,OAAO,GAAG,YAAW;AAC1B,QAAI,QAAQ,GAAG,EAAE,CAAC,KAAK,EAAE,CAAC;;AAE1B,YAAQ,CAAC,OAAO,GAAG,QAAQ,CAAC,OAAO,WAAQ,CAAC,IAAI,CAAC,iBAAiB,CAAC,IAAI,CAAC,IAAI,CAAC,CAAC,CAAC;AAC/E,WAAO,QAAQ,CAAC;GACjB,CAAC;;;AAGF,QAAM,CAAC,cAAc,GAAG,UAAS,EAAE,EAAE;AACnC,WAAO,OAAO,CAAC,IAAI,CAAC,EAAE,EAAE,IAAI,EAAE,IAAI,CAAC,iBAAiB,CAAC,IAAI,CAAC,IAAI,CAAC,CAAC,CAAC;GAClE,CAAC;;AAEF,SAAO,MAAM,CAAC;CACf,CAAC,CAAC,CAAC","file":"/modules/core.js.map","sourcesContent":["angular.module('angular-meteor.core', [\n  'angular-meteor.utilities',\n  'angular-meteor.mixer'\n])\n\n\n/*\n  A mixin which provides us with core Meteor functions.\n */\n.factory('$$Core', [\n  '$q',\n  '$$utils',\n\nfunction($q, $$utils) {\n  function $$Core() {}\n\n  // Calls Meteor.autorun() which will be digested after each run and automatically destroyed\n  $$Core.autorun = function(fn, options = {}) {\n    fn = this.$bindToContext(fn);\n\n    if (!_.isFunction(fn))\n      throw Error('argument 1 must be a function');\n    if (!_.isObject(options))\n      throw Error('argument 2 must be an object');\n\n    let computation = Tracker.autorun(fn, options);\n    this.$$autoStop(computation);\n    return computation;\n  };\n\n  // Calls Meteor.subscribe() which will be digested after each invokation and automatically destroyed\n  $$Core.subscribe = function(name, fn, cb) {\n    fn = this.$bindToContext(fn || angular.noop);\n    cb = cb ? this.$bindToContext(cb) : angular.noop;\n\n    if (!_.isString(name))\n      throw Error('argument 1 must be a string');\n    if (!_.isFunction(fn))\n      throw Error('argument 2 must be a function');\n    if (!_.isFunction(cb) && !_.isObject(cb))\n      throw Error('argument 3 must be a function or an object');\n\n    let result = {};\n\n    let computation = this.autorun(() => {\n      let args = fn();\n      if (angular.isUndefined(args)) args = [];\n\n      if (!_.isArray(args))\n        throw Error(\"reactive function's return value must be an array\");\n\n      let subscription = Meteor.subscribe(name, ...args, cb);\n      result.ready = subscription.ready.bind(subscription);\n      result.subscriptionId  = subscription.subscriptionId;\n    });\n\n    // Once the computation has been stopped, any subscriptions made inside will be stopped as well\n    result.stop = computation.stop.bind(computation);\n    return result;\n  };\n\n  // Calls Meteor.call() wrapped by a digestion cycle\n  $$Core.callMethod = function(...args) {\n    let fn = args.pop();\n    if (_.isFunction(fn)) fn = this.$bindToContext(fn);\n    return Meteor.call(...args, fn);\n  };\n\n  // Calls Meteor.apply() wrapped by a digestion cycle\n  $$Core.applyMethod = function(...args) {\n    let fn = args.pop();\n    if (_.isFunction(fn)) fn = this.$bindToContext(fn);\n    return Meteor.apply(...args, fn);\n  };\n\n  $$Core.$$autoStop = function(stoppable) {\n    this.$on('$destroy', stoppable.stop.bind(stoppable));\n  };\n\n  // Digests scope only if there is no phase at the moment\n  $$Core.$$throttledDigest = function() {\n    let isDigestable =\n      !this.$$destroyed &&\n      !this.$$phase &&\n      !this.$root.$$phase;\n\n    if (isDigestable) this.$digest();\n  };\n\n  // Creates a promise only that the digestion cycle will be called at its fulfillment\n  $$Core.$$defer = function() {\n    let deferred = $q.defer();\n    // Once promise has been fulfilled, digest\n    deferred.promise = deferred.promise.finally(this.$$throttledDigest.bind(this));\n    return deferred;\n  };\n\n  // Binds an object or a function to the scope to the view model and digest it once it is invoked\n  $$Core.$bindToContext = function(fn) {\n    return $$utils.bind(fn, this, this.$$throttledDigest.bind(this));\n  };\n\n  return $$Core;\n}]);\n"]},"hash":"7cf8d93fbc9249e5d5ed178f889e58a3d24d6145"}
