{"metadata":{"modules":{"imports":[],"exports":{"exported":[],"specifiers":[]}},"usedHelpers":[]},"ignored":false,"code":"/*global\n angular, _, Package\n */\n\n'use strict';\n\nvar _module = angular.module('diffArray', ['getUpdates']);\n\n_module.factory('diffArray', ['getUpdates', function (getUpdates) {\n  var LocalCollection = Package.minimongo.LocalCollection;\n  var idStringify = LocalCollection._idStringify || Package['mongo-id'].MongoID.idStringify;\n  var idParse = LocalCollection._idParse || Package['mongo-id'].MongoID.idParse;\n\n  // Calculates the differences between `lastSeqArray` and\n  // `seqArray` and calls appropriate functions from `callbacks`.\n  // Reuses Minimongo's diff algorithm implementation.\n  // XXX Should be replaced with the original diffArray function here:\n  // https://github.com/meteor/meteor/blob/devel/packages/observe-sequence/observe_sequence.js#L152\n  // When it will become nested as well, tracking here: https://github.com/meteor/meteor/issues/3764\n  function diffArray(lastSeqArray, seqArray, callbacks, preventNestedDiff) {\n    preventNestedDiff = !!preventNestedDiff;\n\n    var diffFn = Package.minimongo.LocalCollection._diffQueryOrderedChanges || Package['diff-sequence'].DiffSequence.diffQueryOrderedChanges;\n\n    var oldObjIds = [];\n    var newObjIds = [];\n    var posOld = {}; // maps from idStringify'd ids\n    var posNew = {}; // ditto\n    var posCur = {};\n    var lengthCur = lastSeqArray.length;\n\n    _.each(seqArray, function (doc, i) {\n      newObjIds.push({ _id: doc._id });\n      posNew[idStringify(doc._id)] = i;\n    });\n\n    _.each(lastSeqArray, function (doc, i) {\n      oldObjIds.push({ _id: doc._id });\n      posOld[idStringify(doc._id)] = i;\n      posCur[idStringify(doc._id)] = i;\n    });\n\n    // Arrays can contain arbitrary objects. We don't diff the\n    // objects. Instead we always fire 'changedAt' callback on every\n    // object. The consumer of `observe-sequence` should deal with\n    // it appropriately.\n    diffFn(oldObjIds, newObjIds, {\n      addedBefore: function (id, doc, before) {\n        var position = before ? posCur[idStringify(before)] : lengthCur;\n\n        _.each(posCur, function (pos, id) {\n          if (pos >= position) posCur[id]++;\n        });\n\n        lengthCur++;\n        posCur[idStringify(id)] = position;\n\n        callbacks.addedAt(id, seqArray[posNew[idStringify(id)]], position, before);\n      },\n\n      movedBefore: function (id, before) {\n        var prevPosition = posCur[idStringify(id)];\n        var position = before ? posCur[idStringify(before)] : lengthCur - 1;\n\n        _.each(posCur, function (pos, id) {\n          if (pos >= prevPosition && pos <= position) posCur[id]--;else if (pos <= prevPosition && pos >= position) posCur[id]++;\n        });\n\n        posCur[idStringify(id)] = position;\n\n        callbacks.movedTo(id, seqArray[posNew[idStringify(id)]], prevPosition, position, before);\n      },\n      removed: function (id) {\n        var prevPosition = posCur[idStringify(id)];\n\n        _.each(posCur, function (pos, id) {\n          if (pos >= prevPosition) posCur[id]--;\n        });\n\n        delete posCur[idStringify(id)];\n        lengthCur--;\n\n        callbacks.removedAt(id, lastSeqArray[posOld[idStringify(id)]], prevPosition);\n      }\n    });\n\n    _.each(posNew, function (pos, idString) {\n      if (!_.has(posOld, idString)) return;\n\n      var id = idParse(idString);\n      var newItem = seqArray[pos] || {};\n      var oldItem = lastSeqArray[posOld[idString]];\n      var updates = getUpdates(oldItem, newItem, preventNestedDiff);\n\n      if (!_.isEmpty(updates)) callbacks.changedAt(id, updates, pos, oldItem);\n    });\n  }\n\n  diffArray.shallow = function (lastSeqArray, seqArray, callbacks) {\n    return diffArray(lastSeqArray, seqArray, callbacks, true);\n  };\n\n  diffArray.deepCopyChanges = function (oldItem, newItem) {\n    var setDiff = getUpdates(oldItem, newItem).$set;\n\n    _.each(setDiff, function (v, deepKey) {\n      setDeep(oldItem, deepKey, v);\n    });\n  };\n\n  diffArray.deepCopyRemovals = function (oldItem, newItem) {\n    var unsetDiff = getUpdates(oldItem, newItem).$unset;\n\n    _.each(unsetDiff, function (v, deepKey) {\n      unsetDeep(oldItem, deepKey);\n    });\n  };\n\n  // Finds changes between two collections\n  diffArray.getChanges = function (newCollection, oldCollection, diffMethod) {\n    var changes = { added: [], removed: [], changed: [] };\n\n    diffMethod(oldCollection, newCollection, {\n      addedAt: function (id, item, index) {\n        changes.added.push({ item: item, index: index });\n      },\n\n      removedAt: function (id, item, index) {\n        changes.removed.push({ item: item, index: index });\n      },\n\n      changedAt: function (id, updates, index, oldItem) {\n        changes.changed.push({ selector: id, modifier: updates });\n      },\n\n      movedTo: function (id, item, fromIndex, toIndex) {\n        // XXX do we need this?\n      }\n    });\n\n    return changes;\n  };\n\n  var setDeep = function (obj, deepKey, v) {\n    var split = deepKey.split('.');\n    var initialKeys = _.initial(split);\n    var lastKey = _.last(split);\n\n    initialKeys.reduce(function (subObj, k, i) {\n      var nextKey = split[i + 1];\n\n      if (isNumStr(nextKey)) {\n        if (subObj[k] === null) subObj[k] = [];\n        if (subObj[k].length == parseInt(nextKey)) subObj[k].push(null);\n      } else if (subObj[k] === null || !isHash(subObj[k])) {\n        subObj[k] = {};\n      }\n\n      return subObj[k];\n    }, obj);\n\n    var deepObj = getDeep(obj, initialKeys);\n    deepObj[lastKey] = v;\n    return v;\n  };\n\n  var unsetDeep = function (obj, deepKey) {\n    var split = deepKey.split('.');\n    var initialKeys = _.initial(split);\n    var lastKey = _.last(split);\n    var deepObj = getDeep(obj, initialKeys);\n\n    if (_.isArray(deepObj) && isNumStr(lastKey)) return !!deepObj.splice(lastKey, 1);else return delete deepObj[lastKey];\n  };\n\n  var getDeep = function (obj, keys) {\n    return keys.reduce(function (subObj, k) {\n      return subObj[k];\n    }, obj);\n  };\n\n  var isHash = function (obj) {\n    return _.isObject(obj) && Object.getPrototypeOf(obj) === Object.prototype;\n  };\n\n  var isNumStr = function (str) {\n    return str.match(/^\\d+$/);\n  };\n\n  return diffArray;\n}]);","ast":null,"map":{"version":3,"sources":["/lib/diff-array.js"],"names":[],"mappings":";;;;AAIA,YAAY,CAAC;;AAEb,IAAI,OAAO,GAAG,OAAO,CAAC,MAAM,CAAC,WAAW,EAAE,CAAC,YAAY,CAAC,CAAC,CAAC;;AAE1D,OAAO,CAAC,OAAO,CAAC,WAAW,EAAE,CAAC,YAAY,EACxC,UAAS,UAAU,EAAE;AACnB,MAAI,eAAe,GAAG,OAAO,CAAC,SAAS,CAAC,eAAe,CAAC;AACxD,MAAI,WAAW,GAAG,eAAe,CAAC,YAAY,IAAI,OAAO,CAAC,UAAU,CAAC,CAAC,OAAO,CAAC,WAAW,CAAC;AAC1F,MAAI,OAAO,GAAG,eAAe,CAAC,QAAQ,IAAI,OAAO,CAAC,UAAU,CAAC,CAAC,OAAO,CAAC,OAAO,CAAC;;;;;;;;AAQ9E,WAAS,SAAS,CAAC,YAAY,EAAE,QAAQ,EAAE,SAAS,EAAE,iBAAiB,EAAE;AACvE,qBAAiB,GAAG,CAAC,CAAC,iBAAiB,CAAC;;AAExC,QAAI,MAAM,GAAG,OAAO,CAAC,SAAS,CAAC,eAAe,CAAC,wBAAwB,IACrE,OAAO,CAAC,eAAe,CAAC,CAAC,YAAY,CAAC,uBAAuB,CAAC;;AAEhE,QAAI,SAAS,GAAG,EAAE,CAAC;AACnB,QAAI,SAAS,GAAG,EAAE,CAAC;AACnB,QAAI,MAAM,GAAG,EAAE,CAAC;AAChB,QAAI,MAAM,GAAG,EAAE,CAAC;AAChB,QAAI,MAAM,GAAG,EAAE,CAAC;AAChB,QAAI,SAAS,GAAG,YAAY,CAAC,MAAM,CAAC;;AAEpC,KAAC,CAAC,IAAI,CAAC,QAAQ,EAAE,UAAU,GAAG,EAAE,CAAC,EAAE;AACjC,eAAS,CAAC,IAAI,CAAC,EAAC,GAAG,EAAE,GAAG,CAAC,GAAG,EAAC,CAAC,CAAC;AAC/B,YAAM,CAAC,WAAW,CAAC,GAAG,CAAC,GAAG,CAAC,CAAC,GAAG,CAAC,CAAC;KAClC,CAAC,CAAC;;AAEH,KAAC,CAAC,IAAI,CAAC,YAAY,EAAE,UAAU,GAAG,EAAE,CAAC,EAAE;AACrC,eAAS,CAAC,IAAI,CAAC,EAAC,GAAG,EAAE,GAAG,CAAC,GAAG,EAAC,CAAC,CAAC;AAC/B,YAAM,CAAC,WAAW,CAAC,GAAG,CAAC,GAAG,CAAC,CAAC,GAAG,CAAC,CAAC;AACjC,YAAM,CAAC,WAAW,CAAC,GAAG,CAAC,GAAG,CAAC,CAAC,GAAG,CAAC,CAAC;KAClC,CAAC,CAAC;;;;;;AAMH,UAAM,CAAC,SAAS,EAAE,SAAS,EAAE;AAC3B,iBAAW,EAAE,UAAU,EAAE,EAAE,GAAG,EAAE,MAAM,EAAE;AACtC,YAAI,QAAQ,GAAG,MAAM,GAAG,MAAM,CAAC,WAAW,CAAC,MAAM,CAAC,CAAC,GAAG,SAAS,CAAC;;AAEhE,SAAC,CAAC,IAAI,CAAC,MAAM,EAAE,UAAU,GAAG,EAAE,EAAE,EAAE;AAChC,cAAI,GAAG,IAAI,QAAQ,EAAE,MAAM,CAAC,EAAE,CAAC,EAAE,CAAC;SACnC,CAAC,CAAC;;AAEH,iBAAS,EAAE,CAAC;AACZ,cAAM,CAAC,WAAW,CAAC,EAAE,CAAC,CAAC,GAAG,QAAQ,CAAC;;AAEnC,iBAAS,CAAC,OAAO,CACf,EAAE,EACF,QAAQ,CAAC,MAAM,CAAC,WAAW,CAAC,EAAE,CAAC,CAAC,CAAC,EACjC,QAAQ,EACR,MAAM,CACP,CAAC;OACH;;AAED,iBAAW,EAAE,UAAU,EAAE,EAAE,MAAM,EAAE;AACjC,YAAI,YAAY,GAAG,MAAM,CAAC,WAAW,CAAC,EAAE,CAAC,CAAC,CAAC;AAC3C,YAAI,QAAQ,GAAG,MAAM,GAAG,MAAM,CAAC,WAAW,CAAC,MAAM,CAAC,CAAC,GAAG,SAAS,GAAG,CAAC,CAAC;;AAEpE,SAAC,CAAC,IAAI,CAAC,MAAM,EAAE,UAAU,GAAG,EAAE,EAAE,EAAE;AAChC,cAAI,GAAG,IAAI,YAAY,IAAI,GAAG,IAAI,QAAQ,EACxC,MAAM,CAAC,EAAE,CAAC,EAAE,CAAC,KACV,IAAI,GAAG,IAAI,YAAY,IAAI,GAAG,IAAI,QAAQ,EAC7C,MAAM,CAAC,EAAE,CAAC,EAAE,CAAC;SAChB,CAAC,CAAC;;AAEH,cAAM,CAAC,WAAW,CAAC,EAAE,CAAC,CAAC,GAAG,QAAQ,CAAC;;AAEnC,iBAAS,CAAC,OAAO,CACf,EAAE,EACF,QAAQ,CAAC,MAAM,CAAC,WAAW,CAAC,EAAE,CAAC,CAAC,CAAC,EACjC,YAAY,EACZ,QAAQ,EACR,MAAM,CACP,CAAC;OACH;AACD,aAAO,EAAE,UAAU,EAAE,EAAE;AACrB,YAAI,YAAY,GAAG,MAAM,CAAC,WAAW,CAAC,EAAE,CAAC,CAAC,CAAC;;AAE3C,SAAC,CAAC,IAAI,CAAC,MAAM,EAAE,UAAU,GAAG,EAAE,EAAE,EAAE;AAChC,cAAI,GAAG,IAAI,YAAY,EAAE,MAAM,CAAC,EAAE,CAAC,EAAE,CAAC;SACvC,CAAC,CAAC;;AAEH,eAAO,MAAM,CAAC,WAAW,CAAC,EAAE,CAAC,CAAC,CAAC;AAC/B,iBAAS,EAAE,CAAC;;AAEZ,iBAAS,CAAC,SAAS,CACjB,EAAE,EACF,YAAY,CAAC,MAAM,CAAC,WAAW,CAAC,EAAE,CAAC,CAAC,CAAC,EACrC,YAAY,CACb,CAAC;OACH;KACF,CAAC,CAAC;;AAEH,KAAC,CAAC,IAAI,CAAC,MAAM,EAAE,UAAU,GAAG,EAAE,QAAQ,EAAE;AACtC,UAAI,CAAC,CAAC,CAAC,GAAG,CAAC,MAAM,EAAE,QAAQ,CAAC,EAAE,OAAO;;AAErC,UAAI,EAAE,GAAG,OAAO,CAAC,QAAQ,CAAC,CAAC;AAC3B,UAAI,OAAO,GAAG,QAAQ,CAAC,GAAG,CAAC,IAAI,EAAE,CAAC;AAClC,UAAI,OAAO,GAAG,YAAY,CAAC,MAAM,CAAC,QAAQ,CAAC,CAAC,CAAC;AAC7C,UAAI,OAAO,GAAG,UAAU,CAAC,OAAO,EAAE,OAAO,EAAE,iBAAiB,CAAC,CAAC;;AAE9D,UAAI,CAAC,CAAC,CAAC,OAAO,CAAC,OAAO,CAAC,EACrB,SAAS,CAAC,SAAS,CAAC,EAAE,EAAE,OAAO,EAAE,GAAG,EAAE,OAAO,CAAC,CAAC;KAClD,CAAC,CAAC;GACJ;;AAED,WAAS,CAAC,OAAO,GAAG,UAAS,YAAY,EAAE,QAAQ,EAAE,SAAS,EAAE;AAC9D,WAAO,SAAS,CAAC,YAAY,EAAE,QAAQ,EAAE,SAAS,EAAE,IAAI,CAAC,CAAC;GAC3D,CAAC;;AAEF,WAAS,CAAC,eAAe,GAAG,UAAU,OAAO,EAAE,OAAO,EAAE;AACtD,QAAI,OAAO,GAAG,UAAU,CAAC,OAAO,EAAE,OAAO,CAAC,CAAC,IAAI,CAAC;;AAEhD,KAAC,CAAC,IAAI,CAAC,OAAO,EAAE,UAAS,CAAC,EAAE,OAAO,EAAE;AACnC,aAAO,CAAC,OAAO,EAAE,OAAO,EAAE,CAAC,CAAC,CAAC;KAC9B,CAAC,CAAC;GACJ,CAAC;;AAEF,WAAS,CAAC,gBAAgB,GAAG,UAAU,OAAO,EAAE,OAAO,EAAE;AACvD,QAAI,SAAS,GAAG,UAAU,CAAC,OAAO,EAAE,OAAO,CAAC,CAAC,MAAM,CAAC;;AAEpD,KAAC,CAAC,IAAI,CAAC,SAAS,EAAE,UAAS,CAAC,EAAE,OAAO,EAAE;AACrC,eAAS,CAAC,OAAO,EAAE,OAAO,CAAC,CAAC;KAC7B,CAAC,CAAC;GACJ,CAAC;;;AAGF,WAAS,CAAC,UAAU,GAAG,UAAS,aAAa,EAAE,aAAa,EAAE,UAAU,EAAE;AACxE,QAAI,OAAO,GAAG,EAAC,KAAK,EAAE,EAAE,EAAE,OAAO,EAAE,EAAE,EAAE,OAAO,EAAE,EAAE,EAAC,CAAC;;AAEpD,cAAU,CAAC,aAAa,EAAE,aAAa,EAAE;AACvC,aAAO,EAAE,UAAS,EAAE,EAAE,IAAI,EAAE,KAAK,EAAE;AACjC,eAAO,CAAC,KAAK,CAAC,IAAI,CAAC,EAAC,IAAI,EAAE,IAAI,EAAE,KAAK,EAAE,KAAK,EAAC,CAAC,CAAC;OAChD;;AAED,eAAS,EAAE,UAAS,EAAE,EAAE,IAAI,EAAE,KAAK,EAAE;AACnC,eAAO,CAAC,OAAO,CAAC,IAAI,CAAC,EAAC,IAAI,EAAE,IAAI,EAAE,KAAK,EAAE,KAAK,EAAC,CAAC,CAAC;OAClD;;AAED,eAAS,EAAE,UAAS,EAAE,EAAE,OAAO,EAAE,KAAK,EAAE,OAAO,EAAE;AAC/C,eAAO,CAAC,OAAO,CAAC,IAAI,CAAC,EAAC,QAAQ,EAAE,EAAE,EAAE,QAAQ,EAAE,OAAO,EAAC,CAAC,CAAC;OACzD;;AAED,aAAO,EAAE,UAAS,EAAE,EAAE,IAAI,EAAE,SAAS,EAAE,OAAO,EAAE;;OAE/C;KACF,CAAC,CAAC;;AAEH,WAAO,OAAO,CAAC;GAChB,CAAC;;AAEF,MAAI,OAAO,GAAG,UAAS,GAAG,EAAE,OAAO,EAAE,CAAC,EAAE;AACtC,QAAI,KAAK,GAAG,OAAO,CAAC,KAAK,CAAC,GAAG,CAAC,CAAC;AAC/B,QAAI,WAAW,GAAG,CAAC,CAAC,OAAO,CAAC,KAAK,CAAC,CAAC;AACnC,QAAI,OAAO,GAAG,CAAC,CAAC,IAAI,CAAC,KAAK,CAAC,CAAC;;AAE5B,eAAW,CAAC,MAAM,CAAC,UAAS,MAAM,EAAE,CAAC,EAAE,CAAC,EAAE;AACxC,UAAI,OAAO,GAAG,KAAK,CAAC,CAAC,GAAG,CAAC,CAAC,CAAC;;AAE3B,UAAI,QAAQ,CAAC,OAAO,CAAC,EAAE;AACrB,YAAI,MAAM,CAAC,CAAC,CAAC,KAAK,IAAI,EAAE,MAAM,CAAC,CAAC,CAAC,GAAG,EAAE,CAAC;AACvC,YAAI,MAAM,CAAC,CAAC,CAAC,CAAC,MAAM,IAAI,QAAQ,CAAC,OAAO,CAAC,EAAE,MAAM,CAAC,CAAC,CAAC,CAAC,IAAI,CAAC,IAAI,CAAC,CAAC;OACjE,MAEI,IAAI,MAAM,CAAC,CAAC,CAAC,KAAK,IAAI,IAAI,CAAC,MAAM,CAAC,MAAM,CAAC,CAAC,CAAC,CAAC,EAAE;AACjD,cAAM,CAAC,CAAC,CAAC,GAAG,EAAE,CAAC;OAChB;;AAED,aAAO,MAAM,CAAC,CAAC,CAAC,CAAC;KAClB,EAAE,GAAG,CAAC,CAAC;;AAER,QAAI,OAAO,GAAG,OAAO,CAAC,GAAG,EAAE,WAAW,CAAC,CAAC;AACxC,WAAO,CAAC,OAAO,CAAC,GAAG,CAAC,CAAC;AACrB,WAAO,CAAC,CAAC;GACV,CAAC;;AAEF,MAAI,SAAS,GAAG,UAAS,GAAG,EAAE,OAAO,EAAE;AACrC,QAAI,KAAK,GAAG,OAAO,CAAC,KAAK,CAAC,GAAG,CAAC,CAAC;AAC/B,QAAI,WAAW,GAAG,CAAC,CAAC,OAAO,CAAC,KAAK,CAAC,CAAC;AACnC,QAAI,OAAO,GAAG,CAAC,CAAC,IAAI,CAAC,KAAK,CAAC,CAAC;AAC5B,QAAI,OAAO,GAAG,OAAO,CAAC,GAAG,EAAE,WAAW,CAAC,CAAC;;AAExC,QAAI,CAAC,CAAC,OAAO,CAAC,OAAO,CAAC,IAAI,QAAQ,CAAC,OAAO,CAAC,EACzC,OAAO,CAAC,CAAC,OAAO,CAAC,MAAM,CAAC,OAAO,EAAE,CAAC,CAAC,CAAC,KAEpC,OAAO,OAAO,OAAO,CAAC,OAAO,CAAC,CAAC;GAClC,CAAC;;AAEF,MAAI,OAAO,GAAG,UAAS,GAAG,EAAE,IAAI,EAAE;AAChC,WAAO,IAAI,CAAC,MAAM,CAAC,UAAS,MAAM,EAAE,CAAC,EAAE;AACrC,aAAO,MAAM,CAAC,CAAC,CAAC,CAAC;KAClB,EAAE,GAAG,CAAC,CAAC;GACT,CAAC;;AAEF,MAAI,MAAM,GAAG,UAAS,GAAG,EAAE;AACzB,WAAO,CAAC,CAAC,QAAQ,CAAC,GAAG,CAAC,IACf,MAAM,CAAC,cAAc,CAAC,GAAG,CAAC,KAAK,MAAM,CAAC,SAAS,CAAC;GACxD,CAAC;;AAEF,MAAI,QAAQ,GAAG,UAAS,GAAG,EAAE;AAC3B,WAAO,GAAG,CAAC,KAAK,CAAC,OAAO,CAAC,CAAC;GAC3B,CAAC;;AAEF,SAAO,SAAS,CAAC;CACpB,CAAC,CAAC,CAAC","file":"/lib/diff-array.js.map","sourcesContent":["/*global\n angular, _, Package\n */\n\n'use strict';\n\nvar _module = angular.module('diffArray', ['getUpdates']);\n\n_module.factory('diffArray', ['getUpdates',\n  function(getUpdates) {\n    var LocalCollection = Package.minimongo.LocalCollection;\n    var idStringify = LocalCollection._idStringify || Package['mongo-id'].MongoID.idStringify;\n    var idParse = LocalCollection._idParse || Package['mongo-id'].MongoID.idParse;\n\n    // Calculates the differences between `lastSeqArray` and\n    // `seqArray` and calls appropriate functions from `callbacks`.\n    // Reuses Minimongo's diff algorithm implementation.\n    // XXX Should be replaced with the original diffArray function here:\n    // https://github.com/meteor/meteor/blob/devel/packages/observe-sequence/observe_sequence.js#L152\n    // When it will become nested as well, tracking here: https://github.com/meteor/meteor/issues/3764\n    function diffArray(lastSeqArray, seqArray, callbacks, preventNestedDiff) {\n      preventNestedDiff = !!preventNestedDiff;\n\n      var diffFn = Package.minimongo.LocalCollection._diffQueryOrderedChanges ||\n        Package['diff-sequence'].DiffSequence.diffQueryOrderedChanges;\n\n      var oldObjIds = [];\n      var newObjIds = [];\n      var posOld = {}; // maps from idStringify'd ids\n      var posNew = {}; // ditto\n      var posCur = {};\n      var lengthCur = lastSeqArray.length;\n\n      _.each(seqArray, function (doc, i) {\n        newObjIds.push({_id: doc._id});\n        posNew[idStringify(doc._id)] = i;\n      });\n\n      _.each(lastSeqArray, function (doc, i) {\n        oldObjIds.push({_id: doc._id});\n        posOld[idStringify(doc._id)] = i;\n        posCur[idStringify(doc._id)] = i;\n      });\n\n      // Arrays can contain arbitrary objects. We don't diff the\n      // objects. Instead we always fire 'changedAt' callback on every\n      // object. The consumer of `observe-sequence` should deal with\n      // it appropriately.\n      diffFn(oldObjIds, newObjIds, {\n        addedBefore: function (id, doc, before) {\n          var position = before ? posCur[idStringify(before)] : lengthCur;\n\n          _.each(posCur, function (pos, id) {\n            if (pos >= position) posCur[id]++;\n          });\n\n          lengthCur++;\n          posCur[idStringify(id)] = position;\n\n          callbacks.addedAt(\n            id,\n            seqArray[posNew[idStringify(id)]],\n            position,\n            before\n          );\n        },\n\n        movedBefore: function (id, before) {\n          var prevPosition = posCur[idStringify(id)];\n          var position = before ? posCur[idStringify(before)] : lengthCur - 1;\n\n          _.each(posCur, function (pos, id) {\n            if (pos >= prevPosition && pos <= position)\n              posCur[id]--;\n            else if (pos <= prevPosition && pos >= position)\n              posCur[id]++;\n          });\n\n          posCur[idStringify(id)] = position;\n\n          callbacks.movedTo(\n            id,\n            seqArray[posNew[idStringify(id)]],\n            prevPosition,\n            position,\n            before\n          );\n        },\n        removed: function (id) {\n          var prevPosition = posCur[idStringify(id)];\n\n          _.each(posCur, function (pos, id) {\n            if (pos >= prevPosition) posCur[id]--;\n          });\n\n          delete posCur[idStringify(id)];\n          lengthCur--;\n\n          callbacks.removedAt(\n            id,\n            lastSeqArray[posOld[idStringify(id)]],\n            prevPosition\n          );\n        }\n      });\n\n      _.each(posNew, function (pos, idString) {\n        if (!_.has(posOld, idString)) return;\n\n        var id = idParse(idString);\n        var newItem = seqArray[pos] || {};\n        var oldItem = lastSeqArray[posOld[idString]];\n        var updates = getUpdates(oldItem, newItem, preventNestedDiff);\n\n        if (!_.isEmpty(updates))\n          callbacks.changedAt(id, updates, pos, oldItem);\n      });\n    }\n\n    diffArray.shallow = function(lastSeqArray, seqArray, callbacks) {\n      return diffArray(lastSeqArray, seqArray, callbacks, true);\n    };\n\n    diffArray.deepCopyChanges = function (oldItem, newItem) {\n      var setDiff = getUpdates(oldItem, newItem).$set;\n\n      _.each(setDiff, function(v, deepKey) {\n        setDeep(oldItem, deepKey, v);\n      });\n    };\n\n    diffArray.deepCopyRemovals = function (oldItem, newItem) {\n      var unsetDiff = getUpdates(oldItem, newItem).$unset;\n\n      _.each(unsetDiff, function(v, deepKey) {\n        unsetDeep(oldItem, deepKey);\n      });\n    };\n\n    // Finds changes between two collections\n    diffArray.getChanges = function(newCollection, oldCollection, diffMethod) {\n      var changes = {added: [], removed: [], changed: []};\n\n      diffMethod(oldCollection, newCollection, {\n        addedAt: function(id, item, index) {\n          changes.added.push({item: item, index: index});\n        },\n\n        removedAt: function(id, item, index) {\n          changes.removed.push({item: item, index: index});\n        },\n\n        changedAt: function(id, updates, index, oldItem) {\n          changes.changed.push({selector: id, modifier: updates});\n        },\n\n        movedTo: function(id, item, fromIndex, toIndex) {\n          // XXX do we need this?\n        }\n      });\n\n      return changes;\n    };\n\n    var setDeep = function(obj, deepKey, v) {\n      var split = deepKey.split('.');\n      var initialKeys = _.initial(split);\n      var lastKey = _.last(split);\n\n      initialKeys.reduce(function(subObj, k, i) {\n        var nextKey = split[i + 1];\n\n        if (isNumStr(nextKey)) {\n          if (subObj[k] === null) subObj[k] = [];\n          if (subObj[k].length == parseInt(nextKey)) subObj[k].push(null);\n        }\n\n        else if (subObj[k] === null || !isHash(subObj[k])) {\n          subObj[k] = {};\n        }\n\n        return subObj[k];\n      }, obj);\n\n      var deepObj = getDeep(obj, initialKeys);\n      deepObj[lastKey] = v;\n      return v;\n    };\n\n    var unsetDeep = function(obj, deepKey) {\n      var split = deepKey.split('.');\n      var initialKeys = _.initial(split);\n      var lastKey = _.last(split);\n      var deepObj = getDeep(obj, initialKeys);\n\n      if (_.isArray(deepObj) && isNumStr(lastKey))\n        return !!deepObj.splice(lastKey, 1);\n      else\n        return delete deepObj[lastKey];\n    };\n\n    var getDeep = function(obj, keys) {\n      return keys.reduce(function(subObj, k) {\n        return subObj[k];\n      }, obj);\n    };\n\n    var isHash = function(obj) {\n      return _.isObject(obj) &&\n             Object.getPrototypeOf(obj) === Object.prototype;\n    };\n\n    var isNumStr = function(str) {\n      return str.match(/^\\d+$/);\n    };\n\n    return diffArray;\n}]);\n"]},"hash":"8706395ab8c5ac846fc9ef439d09b7e9f951d979"}
