{"metadata":{"modules":{"imports":[],"exports":{"exported":[],"specifiers":[]}},"usedHelpers":[]},"ignored":false,"code":"angular.module('angular-meteor.utilities', [])\n\n/*\n  A utility service which is provided with general utility functions\n */\n.service('$$utils', ['$rootScope', function ($rootScope) {\n  var _this = this;\n\n  // Checks if an object is a cursor\n  this.isCursor = function (obj) {\n    return obj instanceof Meteor.Collection.Cursor;\n  };\n\n  // Cheecks if an object is a scope\n  this.isScope = function (obj) {\n    return obj instanceof $rootScope.constructor;\n  };\n\n  // Checks if two objects are siblings\n  this.areSiblings = function (obj1, obj2) {\n    return _.isObject(obj1) && _.isObject(obj2) && Object.getPrototypeOf(obj1) === Object.getPrototypeOf(obj2);\n  };\n\n  // Binds function into a scpecified context. If an object is provided, will bind every\n  // value in the object which is a function. If a tap function is provided, it will be\n  // called right after the function has been invoked.\n  this.bind = function (fn, context, tap) {\n    tap = _.isFunction(tap) ? tap : angular.noop;\n    if (_.isFunction(fn)) return bindFn(fn, context, tap);\n    if (_.isObject(fn)) return bindObj(fn, context, tap);\n    return fn;\n  };\n\n  var bindFn = function (fn, context, tap) {\n    return function () {\n      for (var _len = arguments.length, args = Array(_len), _key = 0; _key < _len; _key++) {\n        args[_key] = arguments[_key];\n      }\n\n      var result = fn.apply(context, args);\n      tap.call(context, { result: result, args: args });\n      return result;\n    };\n  };\n\n  var bindObj = function (obj, context, tap) {\n    return _.keys(obj).reduce(function (bound, k) {\n      bound[k] = _this.bind(obj[k], context, tap);\n      return bound;\n    }, {});\n  };\n}]);","ast":null,"map":{"version":3,"sources":["/modules/utils.js"],"names":[],"mappings":"AAAA,OAAO,CAAC,MAAM,CAAC,0BAA0B,EAAE,EAAE,CAAC;;;;;CAM7C,OAAO,CAAC,SAAS,EAAE,CAClB,YAAY,EAEd,UAAS,UAAU,EAAE;;;;AAEnB,MAAI,CAAC,QAAQ,GAAG,UAAC,GAAG,EAAK;AACvB,WAAO,GAAG,YAAY,MAAM,CAAC,UAAU,CAAC,MAAM,CAAC;GAChD,CAAC;;;AAGF,MAAI,CAAC,OAAO,GAAG,UAAC,GAAG,EAAK;AACtB,WAAO,GAAG,YAAY,UAAU,CAAC,WAAW,CAAC;GAC9C,CAAC;;;AAGF,MAAI,CAAC,WAAW,GAAG,UAAC,IAAI,EAAE,IAAI,EAAK;AACjC,WAAO,CAAC,CAAC,QAAQ,CAAC,IAAI,CAAC,IAAI,CAAC,CAAC,QAAQ,CAAC,IAAI,CAAC,IACzC,MAAM,CAAC,cAAc,CAAC,IAAI,CAAC,KAAK,MAAM,CAAC,cAAc,CAAC,IAAI,CAAC,CAAC;GAC/D,CAAC;;;;;AAKF,MAAI,CAAC,IAAI,GAAG,UAAC,EAAE,EAAE,OAAO,EAAE,GAAG,EAAK;AAChC,OAAG,GAAG,CAAC,CAAC,UAAU,CAAC,GAAG,CAAC,GAAG,GAAG,GAAG,OAAO,CAAC,IAAI,CAAC;AAC7C,QAAI,CAAC,CAAC,UAAU,CAAC,EAAE,CAAC,EAAE,OAAO,MAAM,CAAC,EAAE,EAAE,OAAO,EAAE,GAAG,CAAC,CAAC;AACtD,QAAI,CAAC,CAAC,QAAQ,CAAC,EAAE,CAAC,EAAE,OAAO,OAAO,CAAC,EAAE,EAAE,OAAO,EAAE,GAAG,CAAC,CAAC;AACrD,WAAO,EAAE,CAAC;GACX,CAAC;;AAEF,MAAI,MAAM,GAAG,UAAC,EAAE,EAAE,OAAO,EAAE,GAAG,EAAK;AACjC,WAAO,YAAa;wCAAT,IAAI;AAAJ,YAAI;;;AACb,UAAI,MAAM,GAAG,EAAE,CAAC,KAAK,CAAC,OAAO,EAAE,IAAI,CAAC,CAAC;AACrC,SAAG,CAAC,IAAI,CAAC,OAAO,EAAE,EAAC,MAAM,EAAN,MAAM,EAAE,IAAI,EAAJ,IAAI,EAAC,CAAC,CAAC;AAClC,aAAO,MAAM,CAAC;KACf,CAAC;GACH,CAAC;;AAEF,MAAI,OAAO,GAAG,UAAC,GAAG,EAAE,OAAO,EAAE,GAAG,EAAK;AACnC,WAAO,CAAC,CAAC,IAAI,CAAC,GAAG,CAAC,CAAC,MAAM,CAAC,UAAC,KAAK,EAAE,CAAC,EAAK;AACtC,WAAK,CAAC,CAAC,CAAC,GAAG,MAAK,IAAI,CAAC,GAAG,CAAC,CAAC,CAAC,EAAE,OAAO,EAAE,GAAG,CAAC,CAAC;AAC3C,aAAO,KAAK,CAAC;KACd,EAAE,EAAE,CAAC,CAAC;GACR,CAAC;CACH,CAAC,CAAC,CAAC","file":"/modules/utils.js.map","sourcesContent":["angular.module('angular-meteor.utilities', [])\n\n\n/*\n  A utility service which is provided with general utility functions\n */\n.service('$$utils', [\n  '$rootScope',\n\nfunction($rootScope) {\n  // Checks if an object is a cursor\n  this.isCursor = (obj) => {\n    return obj instanceof Meteor.Collection.Cursor;\n  };\n\n  // Cheecks if an object is a scope\n  this.isScope = (obj) => {\n    return obj instanceof $rootScope.constructor;\n  };\n\n  // Checks if two objects are siblings\n  this.areSiblings = (obj1, obj2) => {\n    return _.isObject(obj1) && _.isObject(obj2) &&\n      Object.getPrototypeOf(obj1) === Object.getPrototypeOf(obj2);\n  };\n\n  // Binds function into a scpecified context. If an object is provided, will bind every\n  // value in the object which is a function. If a tap function is provided, it will be\n  // called right after the function has been invoked.\n  this.bind = (fn, context, tap) => {\n    tap = _.isFunction(tap) ? tap : angular.noop;\n    if (_.isFunction(fn)) return bindFn(fn, context, tap);\n    if (_.isObject(fn)) return bindObj(fn, context, tap);\n    return fn;\n  };\n\n  let bindFn = (fn, context, tap) => {\n    return (...args) => {\n      let result = fn.apply(context, args);\n      tap.call(context, {result, args});\n      return result;\n    };\n  };\n\n  let bindObj = (obj, context, tap) => {\n    return _.keys(obj).reduce((bound, k) => {\n      bound[k] = this.bind(obj[k], context, tap);\n      return bound;\n    }, {});\n  };\n}]);\n"]},"hash":"8ca1c941943c30ea8e01b30862a2091b19fad2c6"}
