{"metadata":{"modules":{"imports":[],"exports":{"exported":[],"specifiers":[]}},"usedHelpers":[]},"ignored":false,"code":"/*global\n angular, Meteor\n */\n\n'use strict';\nvar angularMeteorSubscribe = angular.module('angular-meteor.subscribe', []);\n\nangularMeteorSubscribe.service('$meteorSubscribe', ['$q', '$angularMeteorSettings', function ($q, $angularMeteorSettings) {\n\n  var self = this;\n\n  this._subscribe = function (scope, deferred, args) {\n    if (!$angularMeteorSettings.suppressWarnings) console.warn('[angular-meteor.subscribe] Please note that this module is deprecated since 1.3.0 and will be removed in 1.4.0! Replace it with the new syntax described here: http://www.angular-meteor.com/api/1.3.6/subscribe. You can disable this warning by following this guide http://www.angular-meteor.com/api/1.3.6/settings');\n\n    var subscription = null;\n    var lastArg = args[args.length - 1];\n\n    // User supplied onStop callback\n    // save it for later use and remove\n    // from subscription arguments\n    if (angular.isObject(lastArg) && angular.isFunction(lastArg.onStop)) {\n      var onStop = lastArg.onStop;\n\n      args.pop();\n    }\n\n    args.push({\n      onReady: function () {\n        deferred.resolve(subscription);\n      },\n      onStop: function (err) {\n        if (!deferred.promise.$$state.status) {\n          if (err) deferred.reject(err);else deferred.reject(new Meteor.Error(\"Subscription Stopped\", \"Subscription stopped by a call to stop method. Either by the client or by the server.\"));\n        } else if (onStop)\n          // After promise was resolved or rejected\n          // call user supplied onStop callback.\n          onStop.apply(this, Array.prototype.slice.call(arguments));\n      }\n    });\n\n    subscription = Meteor.subscribe.apply(scope, args);\n\n    return subscription;\n  };\n\n  this.subscribe = function () {\n    var deferred = $q.defer();\n    var args = Array.prototype.slice.call(arguments);\n    var subscription = null;\n\n    self._subscribe(this, deferred, args);\n\n    return deferred.promise;\n  };\n}]);\n\nangularMeteorSubscribe.run(['$rootScope', '$q', '$meteorSubscribe', function ($rootScope, $q, $meteorSubscribe) {\n  Object.getPrototypeOf($rootScope).$meteorSubscribe = function () {\n    var deferred = $q.defer();\n    var args = Array.prototype.slice.call(arguments);\n\n    var subscription = $meteorSubscribe._subscribe(this, deferred, args);\n\n    this.$on('$destroy', function () {\n      subscription.stop();\n    });\n\n    return deferred.promise;\n  };\n}]);","ast":null,"map":{"version":3,"sources":["/modules/angular-meteor-subscribe.js"],"names":[],"mappings":";;;;AAIA,YAAY,CAAC;AACb,IAAI,sBAAsB,GAAG,OAAO,CAAC,MAAM,CAAC,0BAA0B,EAAE,EAAE,CAAC,CAAC;;AAE5E,sBAAsB,CAAC,OAAO,CAAC,kBAAkB,EAAE,CAAC,IAAI,EAAE,wBAAwB,EAChF,UAAU,EAAE,EAAE,sBAAsB,EAAE;;AAEpC,MAAI,IAAI,GAAG,IAAI,CAAC;;AAEhB,MAAI,CAAC,UAAU,GAAG,UAAS,KAAK,EAAE,QAAQ,EAAE,IAAI,EAAE;AAChD,QAAI,CAAC,sBAAsB,CAAC,gBAAgB,EAC1C,OAAO,CAAC,IAAI,CAAC,yTAAyT,CAAC,CAAC;;AAE1U,QAAI,YAAY,GAAG,IAAI,CAAC;AACxB,QAAI,OAAO,GAAG,IAAI,CAAC,IAAI,CAAC,MAAM,GAAG,CAAC,CAAC,CAAC;;;;;AAKpC,QAAI,OAAO,CAAC,QAAQ,CAAC,OAAO,CAAC,IACzB,OAAO,CAAC,UAAU,CAAC,OAAO,CAAC,MAAM,CAAC,EAAE;AACtC,UAAI,MAAM,GAAG,OAAO,CAAC,MAAM,CAAC;;AAE5B,UAAI,CAAC,GAAG,EAAE,CAAC;KACZ;;AAED,QAAI,CAAC,IAAI,CAAC;AACR,aAAO,EAAE,YAAW;AAClB,gBAAQ,CAAC,OAAO,CAAC,YAAY,CAAC,CAAC;OAChC;AACD,YAAM,EAAE,UAAS,GAAG,EAAE;AACpB,YAAI,CAAC,QAAQ,CAAC,OAAO,CAAC,OAAO,CAAC,MAAM,EAAE;AACpC,cAAI,GAAG,EACL,QAAQ,CAAC,MAAM,CAAC,GAAG,CAAC,CAAC,KAErB,QAAQ,CAAC,MAAM,CAAC,IAAI,MAAM,CAAC,KAAK,CAAC,sBAAsB,EACrD,uFAAuF,CAAC,CAAC,CAAC;SAC/F,MAAM,IAAI,MAAM;;;AAGf,gBAAM,CAAC,KAAK,CAAC,IAAI,EAAE,KAAK,CAAC,SAAS,CAAC,KAAK,CAAC,IAAI,CAAC,SAAS,CAAC,CAAC,CAAC;OAE7D;KACF,CAAC,CAAC;;AAEH,gBAAY,GAAI,MAAM,CAAC,SAAS,CAAC,KAAK,CAAC,KAAK,EAAE,IAAI,CAAC,CAAC;;AAEpD,WAAO,YAAY,CAAC;GACrB,CAAC;;AAEF,MAAI,CAAC,SAAS,GAAG,YAAU;AACzB,QAAI,QAAQ,GAAG,EAAE,CAAC,KAAK,EAAE,CAAC;AAC1B,QAAI,IAAI,GAAG,KAAK,CAAC,SAAS,CAAC,KAAK,CAAC,IAAI,CAAC,SAAS,CAAC,CAAC;AACjD,QAAI,YAAY,GAAG,IAAI,CAAC;;AAExB,QAAI,CAAC,UAAU,CAAC,IAAI,EAAE,QAAQ,EAAE,IAAI,CAAC,CAAC;;AAEtC,WAAO,QAAQ,CAAC,OAAO,CAAC;GACzB,CAAC;CACH,CAAC,CAAC,CAAC;;AAEN,sBAAsB,CAAC,GAAG,CAAC,CAAC,YAAY,EAAE,IAAI,EAAE,kBAAkB,EAChE,UAAS,UAAU,EAAE,EAAE,EAAE,gBAAgB,EAAE;AACzC,QAAM,CAAC,cAAc,CAAC,UAAU,CAAC,CAAC,gBAAgB,GAAG,YAAW;AAC9D,QAAI,QAAQ,GAAG,EAAE,CAAC,KAAK,EAAE,CAAC;AAC1B,QAAI,IAAI,GAAG,KAAK,CAAC,SAAS,CAAC,KAAK,CAAC,IAAI,CAAC,SAAS,CAAC,CAAC;;AAEjD,QAAI,YAAY,GAAG,gBAAgB,CAAC,UAAU,CAAC,IAAI,EAAE,QAAQ,EAAE,IAAI,CAAC,CAAC;;AAErE,QAAI,CAAC,GAAG,CAAC,UAAU,EAAE,YAAW;AAC9B,kBAAY,CAAC,IAAI,EAAE,CAAC;KACrB,CAAC,CAAC;;AAEH,WAAO,QAAQ,CAAC,OAAO,CAAC;GACzB,CAAC;CACL,CAAC,CAAC,CAAC","file":"/modules/angular-meteor-subscribe.js.map","sourcesContent":["/*global\n angular, Meteor\n */\n\n'use strict';\nvar angularMeteorSubscribe = angular.module('angular-meteor.subscribe', []);\n\nangularMeteorSubscribe.service('$meteorSubscribe', ['$q', '$angularMeteorSettings',\n  function ($q, $angularMeteorSettings) {\n\n    var self = this;\n\n    this._subscribe = function(scope, deferred, args) {\n      if (!$angularMeteorSettings.suppressWarnings)\n        console.warn('[angular-meteor.subscribe] Please note that this module is deprecated since 1.3.0 and will be removed in 1.4.0! Replace it with the new syntax described here: http://www.angular-meteor.com/api/1.3.6/subscribe. You can disable this warning by following this guide http://www.angular-meteor.com/api/1.3.6/settings');\n\n      var subscription = null;\n      var lastArg = args[args.length - 1];\n\n      // User supplied onStop callback\n      // save it for later use and remove\n      // from subscription arguments\n      if (angular.isObject(lastArg) &&\n          angular.isFunction(lastArg.onStop)) {\n        var onStop = lastArg.onStop;\n\n        args.pop();\n      }\n\n      args.push({\n        onReady: function() {\n          deferred.resolve(subscription);\n        },\n        onStop: function(err) {\n          if (!deferred.promise.$$state.status) {\n            if (err)\n              deferred.reject(err);\n            else\n              deferred.reject(new Meteor.Error(\"Subscription Stopped\",\n                \"Subscription stopped by a call to stop method. Either by the client or by the server.\"));\n          } else if (onStop)\n            // After promise was resolved or rejected\n            // call user supplied onStop callback.\n            onStop.apply(this, Array.prototype.slice.call(arguments));\n\n        }\n      });\n\n      subscription =  Meteor.subscribe.apply(scope, args);\n\n      return subscription;\n    };\n\n    this.subscribe = function(){\n      var deferred = $q.defer();\n      var args = Array.prototype.slice.call(arguments);\n      var subscription = null;\n\n      self._subscribe(this, deferred, args);\n\n      return deferred.promise;\n    };\n  }]);\n\nangularMeteorSubscribe.run(['$rootScope', '$q', '$meteorSubscribe',\n  function($rootScope, $q, $meteorSubscribe) {\n    Object.getPrototypeOf($rootScope).$meteorSubscribe = function() {\n      var deferred = $q.defer();\n      var args = Array.prototype.slice.call(arguments);\n\n      var subscription = $meteorSubscribe._subscribe(this, deferred, args);\n\n      this.$on('$destroy', function() {\n        subscription.stop();\n      });\n\n      return deferred.promise;\n    };\n}]);\n"]},"hash":"94e00c26d99dee9cd74ad6ff8788abdd6ce2077d"}
