{"metadata":{"modules":{"imports":[],"exports":{"exported":[],"specifiers":[]}},"usedHelpers":[]},"ignored":false,"code":"angular.module('angular-meteor.scope', ['angular-meteor.mixer']).run(['$rootScope', '$Mixer', function ($rootScope, $Mixer) {\n  var Scope = $rootScope.constructor;\n  var $new = $rootScope.$new;\n\n  // Extends and constructs every newly created scope without affecting the root scope\n  Scope.prototype.$new = function (isolate, parent) {\n    var firstChild = this === $rootScope && !this.$$ChildScope;\n    var scope = $new.call(this, isolate, parent);\n\n    // If the scope is isolated we would like to extend it aswell\n    if (isolate) {\n      // The scope is the prototype of its upcomming child scopes, so the methods would\n      // be accessable to them as well\n      $Mixer._extend(scope);\n    }\n    // Else, if this is the first child of the root scope we would like to apply the extensions\n    // without affection the root scope\n    else if (firstChild) {\n        // Creating a middle layer where all the extensions are gonna be applied to\n        scope.__proto__ = this.$$ChildScope.prototype = $Mixer._extend(Object.create(this));\n      }\n\n    return $Mixer._construct(scope);\n  };\n}]);","ast":null,"map":{"version":3,"sources":["/modules/scope.js"],"names":[],"mappings":"AAAA,OAAO,CAAC,MAAM,CAAC,sBAAsB,EAAE,CACrC,sBAAsB,CACvB,CAAC,CAGD,GAAG,CAAC,CACH,YAAY,EACZ,QAAQ,EAEV,UAAS,UAAU,EAAE,MAAM,EAAE;AAC3B,MAAI,KAAK,GAAG,UAAU,CAAC,WAAW,CAAC;AACnC,MAAI,IAAI,GAAG,UAAU,CAAC,IAAI,CAAC;;;AAG3B,OAAK,CAAC,SAAS,CAAC,IAAI,GAAG,UAAS,OAAO,EAAE,MAAM,EAAE;AAC/C,QAAI,UAAU,GAAG,IAAI,KAAK,UAAU,IAAI,CAAC,IAAI,CAAC,YAAY,CAAC;AAC3D,QAAI,KAAK,GAAG,IAAI,CAAC,IAAI,CAAC,IAAI,EAAE,OAAO,EAAE,MAAM,CAAC,CAAC;;;AAG7C,QAAI,OAAO,EAAE;;;AAGX,YAAM,CAAC,OAAO,CAAC,KAAK,CAAC,CAAC;KACvB;;;SAGI,IAAI,UAAU,EAAE;;AAEnB,aAAK,CAAC,SAAS,GAAG,IAAI,CAAC,YAAY,CAAC,SAAS,GAC3C,MAAM,CAAC,OAAO,CAAC,MAAM,CAAC,MAAM,CAAC,IAAI,CAAC,CAAC,CAAC;OACvC;;AAED,WAAO,MAAM,CAAC,UAAU,CAAC,KAAK,CAAC,CAAC;GACjC,CAAC;CACH,CAAC,CAAC,CAAC","file":"/modules/scope.js.map","sourcesContent":["angular.module('angular-meteor.scope', [\n  'angular-meteor.mixer'\n])\n\n\n.run([\n  '$rootScope',\n  '$Mixer',\n\nfunction($rootScope, $Mixer) {\n  let Scope = $rootScope.constructor;\n  let $new = $rootScope.$new;\n\n  // Extends and constructs every newly created scope without affecting the root scope\n  Scope.prototype.$new = function(isolate, parent) {\n    let firstChild = this === $rootScope && !this.$$ChildScope;\n    let scope = $new.call(this, isolate, parent);\n\n    // If the scope is isolated we would like to extend it aswell\n    if (isolate) {\n      // The scope is the prototype of its upcomming child scopes, so the methods would\n      // be accessable to them as well\n      $Mixer._extend(scope);\n    }\n    // Else, if this is the first child of the root scope we would like to apply the extensions\n    // without affection the root scope\n    else if (firstChild) {\n      // Creating a middle layer where all the extensions are gonna be applied to\n      scope.__proto__ = this.$$ChildScope.prototype =\n        $Mixer._extend(Object.create(this));\n    }\n\n    return $Mixer._construct(scope);\n  };\n}]);"]},"hash":"9e5c76df938a3551c0373b7debcac34552bbc83b"}
