{"metadata":{"modules":{"imports":[],"exports":{"exported":[],"specifiers":[]}},"usedHelpers":[]},"ignored":false,"code":"/*global\n  angular, _, Mongo\n*/\n\n'use strict';\n\nvar angularMeteorObject = angular.module('angular-meteor.object', ['angular-meteor.utils', 'angular-meteor.subscribe', 'angular-meteor.collection', 'getUpdates', 'diffArray']);\n\nangularMeteorObject.factory('AngularMeteorObject', ['$q', '$meteorSubscribe', '$meteorUtils', 'diffArray', 'getUpdates', 'AngularMeteorCollection', '$angularMeteorSettings', function ($q, $meteorSubscribe, $meteorUtils, diffArray, getUpdates, AngularMeteorCollection, $angularMeteorSettings) {\n\n  // A list of internals properties to not watch for, nor pass to the Document on update and etc.\n  AngularMeteorObject.$$internalProps = ['$$collection', '$$options', '$$id', '$$hashkey', '$$internalProps', '$$scope', 'bind', 'save', 'reset', 'subscribe', 'stop', 'autorunComputation', 'unregisterAutoBind', 'unregisterAutoDestroy', 'getRawObject', '_auto', '_setAutos', '_eventEmitter', '_serverBackup', '_updateDiff', '_updateParallel', '_getId'];\n\n  function AngularMeteorObject(collection, selector, options) {\n    if (!$angularMeteorSettings.suppressWarnings) console.warn('[angular-meteor.$meteorObject] Please note that this method is deprecated since 1.3.0 and will be removed in 1.4.0! For more info: http://www.angular-meteor.com/api/1.3.0/meteorObject. You can disable this warning by following this guide http://www.angular-meteor.com/api/1.3.6/settings');\n    // Make data not be an object so we can extend it to preserve\n    // Collection Helpers and the like\n    var helpers = collection._helpers;\n    var data = _.isFunction(helpers) ? Object.create(helpers.prototype) : {};\n    var doc = collection.findOne(selector, options);\n    var collectionExtension = _.pick(AngularMeteorCollection, '_updateParallel');\n    _.extend(data, doc);\n    _.extend(data, AngularMeteorObject);\n    _.extend(data, collectionExtension);\n\n    // Omit options that may spoil document finding\n    data.$$options = _.omit(options, 'skip', 'limit');\n    data.$$collection = collection;\n    data.$$id = data._getId(selector);\n    data._serverBackup = doc || {};\n\n    return data;\n  }\n\n  AngularMeteorObject.getRawObject = function () {\n    return angular.copy(_.omit(this, this.$$internalProps));\n  };\n\n  AngularMeteorObject.subscribe = function () {\n    $meteorSubscribe.subscribe.apply(this, arguments);\n    return this;\n  };\n\n  AngularMeteorObject.save = function (custom) {\n    var deferred = $q.defer();\n    var collection = this.$$collection;\n    var createFulfill = _.partial($meteorUtils.fulfill, deferred, null);\n    var oldDoc = collection.findOne(this.$$id);\n    var mods;\n\n    // update\n    if (oldDoc) {\n      if (custom) mods = { $set: custom };else {\n        mods = getUpdates(oldDoc, this.getRawObject());\n        // If there are no updates, there is nothing to do here, returning\n        if (_.isEmpty(mods)) {\n          return $q.when({ action: 'updated' });\n        }\n      }\n\n      // NOTE: do not use #upsert() method, since it does not exist in some collections\n      this._updateDiff(mods, createFulfill({ action: 'updated' }));\n    }\n    // insert\n    else {\n        if (custom) mods = _.clone(custom);else mods = this.getRawObject();\n\n        mods._id = mods._id || this.$$id;\n        collection.insert(mods, createFulfill({ action: 'inserted' }));\n      }\n\n    return deferred.promise;\n  };\n\n  AngularMeteorObject._updateDiff = function (update, callback) {\n    var selector = this.$$id;\n    AngularMeteorCollection._updateDiff.call(this, selector, update, callback);\n  };\n\n  AngularMeteorObject.reset = function (keepClientProps) {\n    var self = this;\n    var options = this.$$options;\n    var id = this.$$id;\n    var doc = this.$$collection.findOne(id, options);\n\n    if (doc) {\n      // extend SubObject\n      var docKeys = _.keys(doc);\n      var docExtension = _.pick(doc, docKeys);\n      var clientProps;\n\n      _.extend(self, docExtension);\n      _.extend(self._serverBackup, docExtension);\n\n      if (keepClientProps) {\n        clientProps = _.intersection(_.keys(self), _.keys(self._serverBackup));\n      } else {\n        clientProps = _.keys(self);\n      }\n\n      var serverProps = _.keys(doc);\n      var removedKeys = _.difference(clientProps, serverProps, self.$$internalProps);\n\n      removedKeys.forEach(function (prop) {\n        delete self[prop];\n        delete self._serverBackup[prop];\n      });\n    } else {\n      _.keys(this.getRawObject()).forEach(function (prop) {\n        delete self[prop];\n      });\n\n      self._serverBackup = {};\n    }\n  };\n\n  AngularMeteorObject.stop = function () {\n    if (this.unregisterAutoDestroy) this.unregisterAutoDestroy();\n\n    if (this.unregisterAutoBind) this.unregisterAutoBind();\n\n    if (this.autorunComputation && this.autorunComputation.stop) this.autorunComputation.stop();\n  };\n\n  AngularMeteorObject._getId = function (selector) {\n    var options = _.extend({}, this.$$options, {\n      fields: { _id: 1 },\n      reactive: false,\n      transform: null\n    });\n\n    var doc = this.$$collection.findOne(selector, options);\n\n    if (doc) return doc._id;\n    if (selector instanceof Mongo.ObjectID) return selector;\n    if (_.isString(selector)) return selector;\n    return new Mongo.ObjectID();\n  };\n\n  return AngularMeteorObject;\n}]);\n\nangularMeteorObject.factory('$meteorObject', ['$rootScope', '$meteorUtils', 'getUpdates', 'AngularMeteorObject', function ($rootScope, $meteorUtils, getUpdates, AngularMeteorObject) {\n  function $meteorObject(collection, id, auto, options) {\n    // Validate parameters\n    if (!collection) {\n      throw new TypeError(\"The first argument of $meteorObject is undefined.\");\n    }\n\n    if (!angular.isFunction(collection.findOne)) {\n      throw new TypeError(\"The first argument of $meteorObject must be a function or a have a findOne function property.\");\n    }\n\n    var data = new AngularMeteorObject(collection, id, options);\n    // Making auto default true - http://stackoverflow.com/a/15464208/1426570\n    data._auto = auto !== false;\n    _.extend(data, $meteorObject);\n    data._setAutos();\n    return data;\n  }\n\n  $meteorObject._setAutos = function () {\n    var self = this;\n\n    this.autorunComputation = $meteorUtils.autorun($rootScope, function () {\n      self.reset(true);\n    });\n\n    // Deep watches the model and performs autobind\n    this.unregisterAutoBind = this._auto && $rootScope.$watch(function () {\n      return self.getRawObject();\n    }, function (item, oldItem) {\n      if (item !== oldItem) self.save();\n    }, true);\n\n    this.unregisterAutoDestroy = $rootScope.$on('$destroy', function () {\n      if (self && self.stop) self.pop();\n    });\n  };\n\n  return $meteorObject;\n}]);\n\nangularMeteorObject.run(['$rootScope', '$meteorObject', '$meteorStopper', function ($rootScope, $meteorObject, $meteorStopper) {\n  var scopeProto = Object.getPrototypeOf($rootScope);\n  scopeProto.$meteorObject = $meteorStopper($meteorObject);\n}]);","ast":null,"map":{"version":3,"sources":["/modules/angular-meteor-object.js"],"names":[],"mappings":";;;;AAIA,YAAY,CAAC;;AAEb,IAAI,mBAAmB,GAAG,OAAO,CAAC,MAAM,CAAC,uBAAuB,EAC9D,CAAC,sBAAsB,EAAE,0BAA0B,EAAE,2BAA2B,EAAE,YAAY,EAAE,WAAW,CAAC,CAAC,CAAC;;AAEhH,mBAAmB,CAAC,OAAO,CAAC,qBAAqB,EAAE,CACjD,IAAI,EAAE,kBAAkB,EAAE,cAAc,EAAE,WAAW,EAAE,YAAY,EAAE,yBAAyB,EAAE,wBAAwB,EACxH,UAAS,EAAE,EAAE,gBAAgB,EAAE,YAAY,EAAE,SAAS,EAAE,UAAU,EAAE,uBAAuB,EAAE,sBAAsB,EAAE;;;AAGnH,qBAAmB,CAAC,eAAe,GAAG,CACpC,cAAc,EAAE,WAAW,EAAE,MAAM,EAAE,WAAW,EAAE,iBAAiB,EAAE,SAAS,EAC9E,MAAM,EAAE,MAAM,EAAE,OAAO,EAAE,WAAW,EAAE,MAAM,EAAE,oBAAoB,EAAE,oBAAoB,EAAE,uBAAuB,EAAE,cAAc,EACjI,OAAO,EAAE,WAAW,EAAE,eAAe,EAAE,eAAe,EAAE,aAAa,EAAE,iBAAiB,EAAE,QAAQ,CACnG,CAAC;;AAEF,WAAS,mBAAmB,CAAE,UAAU,EAAE,QAAQ,EAAE,OAAO,EAAC;AAC1D,QAAI,CAAC,sBAAsB,CAAC,gBAAgB,EAC1C,OAAO,CAAC,IAAI,CAAC,gSAAgS,CAAC,CAAC;;;AAGjT,QAAI,OAAO,GAAG,UAAU,CAAC,QAAQ,CAAC;AAClC,QAAI,IAAI,GAAG,CAAC,CAAC,UAAU,CAAC,OAAO,CAAC,GAAG,MAAM,CAAC,MAAM,CAAC,OAAO,CAAC,SAAS,CAAC,GAAG,EAAE,CAAC;AACzE,QAAI,GAAG,GAAG,UAAU,CAAC,OAAO,CAAC,QAAQ,EAAE,OAAO,CAAC,CAAC;AAChD,QAAI,mBAAmB,GAAG,CAAC,CAAC,IAAI,CAAC,uBAAuB,EAAE,iBAAiB,CAAC,CAAC;AAC7E,KAAC,CAAC,MAAM,CAAC,IAAI,EAAE,GAAG,CAAC,CAAC;AACpB,KAAC,CAAC,MAAM,CAAC,IAAI,EAAE,mBAAmB,CAAC,CAAC;AACpC,KAAC,CAAC,MAAM,CAAC,IAAI,EAAE,mBAAmB,CAAC,CAAC;;;AAGpC,QAAI,CAAC,SAAS,GAAG,CAAC,CAAC,IAAI,CAAC,OAAO,EAAE,MAAM,EAAE,OAAO,CAAC,CAAC;AAClD,QAAI,CAAC,YAAY,GAAG,UAAU,CAAC;AAC/B,QAAI,CAAC,IAAI,GAAG,IAAI,CAAC,MAAM,CAAC,QAAQ,CAAC,CAAC;AAClC,QAAI,CAAC,aAAa,GAAG,GAAG,IAAI,EAAE,CAAC;;AAE/B,WAAO,IAAI,CAAC;GACb;;AAED,qBAAmB,CAAC,YAAY,GAAG,YAAY;AAC7C,WAAO,OAAO,CAAC,IAAI,CAAC,CAAC,CAAC,IAAI,CAAC,IAAI,EAAE,IAAI,CAAC,eAAe,CAAC,CAAC,CAAC;GACzD,CAAC;;AAEF,qBAAmB,CAAC,SAAS,GAAG,YAAY;AAC1C,oBAAgB,CAAC,SAAS,CAAC,KAAK,CAAC,IAAI,EAAE,SAAS,CAAC,CAAC;AAClD,WAAO,IAAI,CAAC;GACb,CAAC;;AAEF,qBAAmB,CAAC,IAAI,GAAG,UAAS,MAAM,EAAE;AAC1C,QAAI,QAAQ,GAAG,EAAE,CAAC,KAAK,EAAE,CAAC;AAC1B,QAAI,UAAU,GAAG,IAAI,CAAC,YAAY,CAAC;AACnC,QAAI,aAAa,GAAG,CAAC,CAAC,OAAO,CAAC,YAAY,CAAC,OAAO,EAAE,QAAQ,EAAE,IAAI,CAAC,CAAC;AACpE,QAAI,MAAM,GAAG,UAAU,CAAC,OAAO,CAAC,IAAI,CAAC,IAAI,CAAC,CAAC;AAC3C,QAAI,IAAI,CAAC;;;AAGT,QAAI,MAAM,EAAE;AACV,UAAI,MAAM,EACR,IAAI,GAAG,EAAE,IAAI,EAAE,MAAM,EAAE,CAAC,KACrB;AACH,YAAI,GAAG,UAAU,CAAC,MAAM,EAAE,IAAI,CAAC,YAAY,EAAE,CAAC,CAAC;;AAE/C,YAAI,CAAC,CAAC,OAAO,CAAC,IAAI,CAAC,EAAE;AACnB,iBAAO,EAAE,CAAC,IAAI,CAAC,EAAE,MAAM,EAAE,SAAS,EAAE,CAAC,CAAC;SACvC;OACF;;;AAGD,UAAI,CAAC,WAAW,CAAC,IAAI,EAAE,aAAa,CAAC,EAAE,MAAM,EAAE,SAAS,EAAE,CAAC,CAAC,CAAC;KAC9D;;SAEI;AACH,YAAI,MAAM,EACR,IAAI,GAAG,CAAC,CAAC,KAAK,CAAC,MAAM,CAAC,CAAC,KAEvB,IAAI,GAAG,IAAI,CAAC,YAAY,EAAE,CAAC;;AAE7B,YAAI,CAAC,GAAG,GAAG,IAAI,CAAC,GAAG,IAAI,IAAI,CAAC,IAAI,CAAC;AACjC,kBAAU,CAAC,MAAM,CAAC,IAAI,EAAE,aAAa,CAAC,EAAE,MAAM,EAAE,UAAU,EAAE,CAAC,CAAC,CAAC;OAChE;;AAED,WAAO,QAAQ,CAAC,OAAO,CAAC;GACzB,CAAC;;AAEF,qBAAmB,CAAC,WAAW,GAAG,UAAS,MAAM,EAAE,QAAQ,EAAE;AAC3D,QAAI,QAAQ,GAAG,IAAI,CAAC,IAAI,CAAC;AACzB,2BAAuB,CAAC,WAAW,CAAC,IAAI,CAAC,IAAI,EAAE,QAAQ,EAAE,MAAM,EAAE,QAAQ,CAAC,CAAC;GAC5E,CAAC;;AAEF,qBAAmB,CAAC,KAAK,GAAG,UAAS,eAAe,EAAE;AACpD,QAAI,IAAI,GAAG,IAAI,CAAC;AAChB,QAAI,OAAO,GAAG,IAAI,CAAC,SAAS,CAAC;AAC7B,QAAI,EAAE,GAAG,IAAI,CAAC,IAAI,CAAC;AACnB,QAAI,GAAG,GAAG,IAAI,CAAC,YAAY,CAAC,OAAO,CAAC,EAAE,EAAE,OAAO,CAAC,CAAC;;AAEjD,QAAI,GAAG,EAAE;;AAEP,UAAI,OAAO,GAAG,CAAC,CAAC,IAAI,CAAC,GAAG,CAAC,CAAC;AAC1B,UAAI,YAAY,GAAG,CAAC,CAAC,IAAI,CAAC,GAAG,EAAE,OAAO,CAAC,CAAC;AACxC,UAAI,WAAW,CAAC;;AAEhB,OAAC,CAAC,MAAM,CAAC,IAAI,EAAE,YAAY,CAAC,CAAC;AAC7B,OAAC,CAAC,MAAM,CAAC,IAAI,CAAC,aAAa,EAAE,YAAY,CAAC,CAAC;;AAE3C,UAAI,eAAe,EAAE;AACnB,mBAAW,GAAG,CAAC,CAAC,YAAY,CAAC,CAAC,CAAC,IAAI,CAAC,IAAI,CAAC,EAAE,CAAC,CAAC,IAAI,CAAC,IAAI,CAAC,aAAa,CAAC,CAAC,CAAC;OACxE,MAAM;AACL,mBAAW,GAAG,CAAC,CAAC,IAAI,CAAC,IAAI,CAAC,CAAC;OAC5B;;AAED,UAAI,WAAW,GAAG,CAAC,CAAC,IAAI,CAAC,GAAG,CAAC,CAAC;AAC9B,UAAI,WAAW,GAAG,CAAC,CAAC,UAAU,CAAC,WAAW,EAAE,WAAW,EAAE,IAAI,CAAC,eAAe,CAAC,CAAC;;AAE/E,iBAAW,CAAC,OAAO,CAAC,UAAU,IAAI,EAAE;AAClC,eAAO,IAAI,CAAC,IAAI,CAAC,CAAC;AAClB,eAAO,IAAI,CAAC,aAAa,CAAC,IAAI,CAAC,CAAC;OACjC,CAAC,CAAC;KACJ,MAEI;AACH,OAAC,CAAC,IAAI,CAAC,IAAI,CAAC,YAAY,EAAE,CAAC,CAAC,OAAO,CAAC,UAAS,IAAI,EAAE;AACjD,eAAO,IAAI,CAAC,IAAI,CAAC,CAAC;OACnB,CAAC,CAAC;;AAEH,UAAI,CAAC,aAAa,GAAG,EAAE,CAAC;KACzB;GACF,CAAC;;AAEF,qBAAmB,CAAC,IAAI,GAAG,YAAY;AACrC,QAAI,IAAI,CAAC,qBAAqB,EAC5B,IAAI,CAAC,qBAAqB,EAAE,CAAC;;AAE/B,QAAI,IAAI,CAAC,kBAAkB,EACzB,IAAI,CAAC,kBAAkB,EAAE,CAAC;;AAE5B,QAAI,IAAI,CAAC,kBAAkB,IAAI,IAAI,CAAC,kBAAkB,CAAC,IAAI,EACzD,IAAI,CAAC,kBAAkB,CAAC,IAAI,EAAE,CAAC;GAClC,CAAC;;AAEF,qBAAmB,CAAC,MAAM,GAAG,UAAS,QAAQ,EAAE;AAC9C,QAAI,OAAO,GAAG,CAAC,CAAC,MAAM,CAAC,EAAE,EAAE,IAAI,CAAC,SAAS,EAAE;AACzC,YAAM,EAAE,EAAE,GAAG,EAAE,CAAC,EAAE;AAClB,cAAQ,EAAE,KAAK;AACf,eAAS,EAAE,IAAI;KAChB,CAAC,CAAC;;AAEH,QAAI,GAAG,GAAG,IAAI,CAAC,YAAY,CAAC,OAAO,CAAC,QAAQ,EAAE,OAAO,CAAC,CAAC;;AAEvD,QAAI,GAAG,EAAE,OAAO,GAAG,CAAC,GAAG,CAAC;AACxB,QAAI,QAAQ,YAAY,KAAK,CAAC,QAAQ,EAAE,OAAO,QAAQ,CAAC;AACxD,QAAI,CAAC,CAAC,QAAQ,CAAC,QAAQ,CAAC,EAAE,OAAO,QAAQ,CAAC;AAC1C,WAAO,IAAI,KAAK,CAAC,QAAQ,EAAE,CAAC;GAC7B,CAAC;;AAEF,SAAO,mBAAmB,CAAC;CAC9B,CAAC,CAAC,CAAC;;AAGJ,mBAAmB,CAAC,OAAO,CAAC,eAAe,EAAE,CAC3C,YAAY,EAAE,cAAc,EAAE,YAAY,EAAE,qBAAqB,EACjE,UAAS,UAAU,EAAE,YAAY,EAAE,UAAU,EAAE,mBAAmB,EAAE;AAClE,WAAS,aAAa,CAAC,UAAU,EAAE,EAAE,EAAE,IAAI,EAAE,OAAO,EAAE;;AAEpD,QAAI,CAAC,UAAU,EAAE;AACf,YAAM,IAAI,SAAS,CAAC,mDAAmD,CAAC,CAAC;KAC1E;;AAED,QAAI,CAAC,OAAO,CAAC,UAAU,CAAC,UAAU,CAAC,OAAO,CAAC,EAAE;AAC3C,YAAM,IAAI,SAAS,CAAC,+FAA+F,CAAC,CAAC;KACtH;;AAED,QAAI,IAAI,GAAG,IAAI,mBAAmB,CAAC,UAAU,EAAE,EAAE,EAAE,OAAO,CAAC,CAAC;;AAE5D,QAAI,CAAC,KAAK,GAAG,IAAI,KAAK,KAAK,CAAC;AAC5B,KAAC,CAAC,MAAM,CAAC,IAAI,EAAE,aAAa,CAAC,CAAC;AAC9B,QAAI,CAAC,SAAS,EAAE,CAAC;AACjB,WAAO,IAAI,CAAC;GACb;;AAED,eAAa,CAAC,SAAS,GAAG,YAAW;AACnC,QAAI,IAAI,GAAG,IAAI,CAAC;;AAEhB,QAAI,CAAC,kBAAkB,GAAG,YAAY,CAAC,OAAO,CAAC,UAAU,EAAE,YAAW;AACpE,UAAI,CAAC,KAAK,CAAC,IAAI,CAAC,CAAC;KAClB,CAAC,CAAC;;;AAGH,QAAI,CAAC,kBAAkB,GAAG,IAAI,CAAC,KAAK,IAAI,UAAU,CAAC,MAAM,CAAC,YAAU;AAClE,aAAO,IAAI,CAAC,YAAY,EAAE,CAAC;KAC5B,EAAE,UAAU,IAAI,EAAE,OAAO,EAAE;AAC1B,UAAI,IAAI,KAAK,OAAO,EAAE,IAAI,CAAC,IAAI,EAAE,CAAC;KACnC,EAAE,IAAI,CAAC,CAAC;;AAET,QAAI,CAAC,qBAAqB,GAAG,UAAU,CAAC,GAAG,CAAC,UAAU,EAAE,YAAW;AACjE,UAAI,IAAI,IAAI,IAAI,CAAC,IAAI,EAAE,IAAI,CAAC,GAAG,EAAE,CAAC;KACnC,CAAC,CAAC;GACJ,CAAC;;AAEF,SAAO,aAAa,CAAC;CACxB,CAAC,CAAC,CAAC;;AAEJ,mBAAmB,CAAC,GAAG,CAAC,CACtB,YAAY,EAAE,eAAe,EAAE,gBAAgB,EAC/C,UAAU,UAAU,EAAE,aAAa,EAAE,cAAc,EAAE;AACnD,MAAI,UAAU,GAAG,MAAM,CAAC,cAAc,CAAC,UAAU,CAAC,CAAC;AACnD,YAAU,CAAC,aAAa,GAAG,cAAc,CAAC,aAAa,CAAC,CAAC;CAC5D,CAAC,CAAC,CAAC","file":"/modules/angular-meteor-object.js.map","sourcesContent":["/*global\n  angular, _, Mongo\n*/\n\n'use strict';\n\nvar angularMeteorObject = angular.module('angular-meteor.object',\n  ['angular-meteor.utils', 'angular-meteor.subscribe', 'angular-meteor.collection', 'getUpdates', 'diffArray']);\n\nangularMeteorObject.factory('AngularMeteorObject', [\n  '$q', '$meteorSubscribe', '$meteorUtils', 'diffArray', 'getUpdates', 'AngularMeteorCollection', '$angularMeteorSettings',\n  function($q, $meteorSubscribe, $meteorUtils, diffArray, getUpdates, AngularMeteorCollection, $angularMeteorSettings) {\n\n    // A list of internals properties to not watch for, nor pass to the Document on update and etc.\n    AngularMeteorObject.$$internalProps = [\n      '$$collection', '$$options', '$$id', '$$hashkey', '$$internalProps', '$$scope',\n      'bind', 'save', 'reset', 'subscribe', 'stop', 'autorunComputation', 'unregisterAutoBind', 'unregisterAutoDestroy', 'getRawObject',\n      '_auto', '_setAutos', '_eventEmitter', '_serverBackup', '_updateDiff', '_updateParallel', '_getId'\n    ];\n\n    function AngularMeteorObject (collection, selector, options){\n      if (!$angularMeteorSettings.suppressWarnings)\n        console.warn('[angular-meteor.$meteorObject] Please note that this method is deprecated since 1.3.0 and will be removed in 1.4.0! For more info: http://www.angular-meteor.com/api/1.3.0/meteorObject. You can disable this warning by following this guide http://www.angular-meteor.com/api/1.3.6/settings');\n      // Make data not be an object so we can extend it to preserve\n      // Collection Helpers and the like\n      var helpers = collection._helpers;\n      var data = _.isFunction(helpers) ? Object.create(helpers.prototype) : {};\n      var doc = collection.findOne(selector, options);\n      var collectionExtension = _.pick(AngularMeteorCollection, '_updateParallel');\n      _.extend(data, doc);\n      _.extend(data, AngularMeteorObject);\n      _.extend(data, collectionExtension);\n\n      // Omit options that may spoil document finding\n      data.$$options = _.omit(options, 'skip', 'limit');\n      data.$$collection = collection;\n      data.$$id = data._getId(selector);\n      data._serverBackup = doc || {};\n\n      return data;\n    }\n\n    AngularMeteorObject.getRawObject = function () {\n      return angular.copy(_.omit(this, this.$$internalProps));\n    };\n\n    AngularMeteorObject.subscribe = function () {\n      $meteorSubscribe.subscribe.apply(this, arguments);\n      return this;\n    };\n\n    AngularMeteorObject.save = function(custom) {\n      var deferred = $q.defer();\n      var collection = this.$$collection;\n      var createFulfill = _.partial($meteorUtils.fulfill, deferred, null);\n      var oldDoc = collection.findOne(this.$$id);\n      var mods;\n\n      // update\n      if (oldDoc) {\n        if (custom)\n          mods = { $set: custom };\n        else {\n          mods = getUpdates(oldDoc, this.getRawObject());\n          // If there are no updates, there is nothing to do here, returning\n          if (_.isEmpty(mods)) {\n            return $q.when({ action: 'updated' });\n          }\n        }\n\n        // NOTE: do not use #upsert() method, since it does not exist in some collections\n        this._updateDiff(mods, createFulfill({ action: 'updated' }));\n      }\n      // insert\n      else {\n        if (custom)\n          mods = _.clone(custom);\n        else\n          mods = this.getRawObject();\n\n        mods._id = mods._id || this.$$id;\n        collection.insert(mods, createFulfill({ action: 'inserted' }));\n      }\n\n      return deferred.promise;\n    };\n\n    AngularMeteorObject._updateDiff = function(update, callback) {\n      var selector = this.$$id;\n      AngularMeteorCollection._updateDiff.call(this, selector, update, callback);\n    };\n\n    AngularMeteorObject.reset = function(keepClientProps) {\n      var self = this;\n      var options = this.$$options;\n      var id = this.$$id;\n      var doc = this.$$collection.findOne(id, options);\n\n      if (doc) {\n        // extend SubObject\n        var docKeys = _.keys(doc);\n        var docExtension = _.pick(doc, docKeys);\n        var clientProps;\n\n        _.extend(self, docExtension);\n        _.extend(self._serverBackup, docExtension);\n\n        if (keepClientProps) {\n          clientProps = _.intersection(_.keys(self), _.keys(self._serverBackup));\n        } else {\n          clientProps = _.keys(self);\n        }\n\n        var serverProps = _.keys(doc);\n        var removedKeys = _.difference(clientProps, serverProps, self.$$internalProps);\n\n        removedKeys.forEach(function (prop) {\n          delete self[prop];\n          delete self._serverBackup[prop];\n        });\n      }\n\n      else {\n        _.keys(this.getRawObject()).forEach(function(prop) {\n          delete self[prop];\n        });\n\n        self._serverBackup = {};\n      }\n    };\n\n    AngularMeteorObject.stop = function () {\n      if (this.unregisterAutoDestroy)\n        this.unregisterAutoDestroy();\n\n      if (this.unregisterAutoBind)\n        this.unregisterAutoBind();\n\n      if (this.autorunComputation && this.autorunComputation.stop)\n        this.autorunComputation.stop();\n    };\n\n    AngularMeteorObject._getId = function(selector) {\n      var options = _.extend({}, this.$$options, {\n        fields: { _id: 1 },\n        reactive: false,\n        transform: null\n      });\n\n      var doc = this.$$collection.findOne(selector, options);\n\n      if (doc) return doc._id;\n      if (selector instanceof Mongo.ObjectID) return selector;\n      if (_.isString(selector)) return selector;\n      return new Mongo.ObjectID();\n    };\n\n    return AngularMeteorObject;\n}]);\n\n\nangularMeteorObject.factory('$meteorObject', [\n  '$rootScope', '$meteorUtils', 'getUpdates', 'AngularMeteorObject',\n  function($rootScope, $meteorUtils, getUpdates, AngularMeteorObject) {\n    function $meteorObject(collection, id, auto, options) {\n      // Validate parameters\n      if (!collection) {\n        throw new TypeError(\"The first argument of $meteorObject is undefined.\");\n      }\n\n      if (!angular.isFunction(collection.findOne)) {\n        throw new TypeError(\"The first argument of $meteorObject must be a function or a have a findOne function property.\");\n      }\n\n      var data = new AngularMeteorObject(collection, id, options);\n      // Making auto default true - http://stackoverflow.com/a/15464208/1426570\n      data._auto = auto !== false;\n      _.extend(data, $meteorObject);\n      data._setAutos();\n      return data;\n    }\n\n    $meteorObject._setAutos = function() {\n      var self = this;\n\n      this.autorunComputation = $meteorUtils.autorun($rootScope, function() {\n        self.reset(true);\n      });\n\n      // Deep watches the model and performs autobind\n      this.unregisterAutoBind = this._auto && $rootScope.$watch(function(){\n        return self.getRawObject();\n      }, function (item, oldItem) {\n        if (item !== oldItem) self.save();\n      }, true);\n\n      this.unregisterAutoDestroy = $rootScope.$on('$destroy', function() {\n        if (self && self.stop) self.pop();\n      });\n    };\n\n    return $meteorObject;\n}]);\n\nangularMeteorObject.run([\n  '$rootScope', '$meteorObject', '$meteorStopper',\n  function ($rootScope, $meteorObject, $meteorStopper) {\n    var scopeProto = Object.getPrototypeOf($rootScope);\n    scopeProto.$meteorObject = $meteorStopper($meteorObject);\n}]);\n"]},"hash":"c42edd8f5ffae53b94a5c15b2574fcfab7c00a46"}
