{"metadata":{"modules":{"imports":[],"exports":{"exported":[],"specifiers":[]}},"usedHelpers":[]},"ignored":false,"code":"angular.module('angular-meteor.ironrouter', []).run(['$compile', '$document', '$rootScope', function ($compile, $document, $rootScope) {\n  var Router = (Package['iron:router'] || {}).Router;\n  if (!Router) return;\n\n  var isLoaded = false;\n\n  // Recompile after iron:router builds page\n  Router.onAfterAction(function (req, res, next) {\n    Tracker.afterFlush(function () {\n      if (isLoaded) return;\n      $compile($document)($rootScope);\n      if (!$rootScope.$$phase) $rootScope.$apply();\n      isLoaded = true;\n    });\n  });\n}]);","ast":null,"map":{"version":3,"sources":["/modules/angular-meteor-ironrouter.js"],"names":[],"mappings":"AAAA,OAAO,CAAC,MAAM,CAAC,2BAA2B,EAAE,EAAE,CAAC,CAG9C,GAAG,CAAC,CACH,UAAU,EACV,WAAW,EACX,YAAY,EAEd,UAAU,QAAQ,EAAE,SAAS,EAAE,UAAU,EAAE;AACzC,MAAM,MAAM,GAAG,CAAC,OAAO,CAAC,aAAa,CAAC,IAAI,EAAE,CAAA,CAAE,MAAM,CAAC;AACrD,MAAI,CAAC,MAAM,EAAE,OAAO;;AAEpB,MAAI,QAAQ,GAAG,KAAK,CAAC;;;AAGrB,QAAM,CAAC,aAAa,CAAC,UAAC,GAAG,EAAE,GAAG,EAAE,IAAI,EAAK;AACvC,WAAO,CAAC,UAAU,CAAC,YAAM;AACvB,UAAI,QAAQ,EAAE,OAAO;AACrB,cAAQ,CAAC,SAAS,CAAC,CAAC,UAAU,CAAC,CAAC;AAChC,UAAI,CAAC,UAAU,CAAC,OAAO,EAAE,UAAU,CAAC,MAAM,EAAE,CAAC;AAC7C,cAAQ,GAAG,IAAI,CAAC;KACjB,CAAC,CAAC;GACJ,CAAC,CAAC;CACJ,CAAC,CAAC,CAAC","file":"/modules/angular-meteor-ironrouter.js.map","sourcesContent":["angular.module('angular-meteor.ironrouter', [])\n\n\n.run([\n  '$compile',\n  '$document',\n  '$rootScope',\n\nfunction ($compile, $document, $rootScope) {\n  const Router = (Package['iron:router'] || {}).Router;\n  if (!Router) return;\n\n  let isLoaded = false;\n\n  // Recompile after iron:router builds page\n  Router.onAfterAction((req, res, next) => {\n    Tracker.afterFlush(() => {\n      if (isLoaded) return;\n      $compile($document)($rootScope);\n      if (!$rootScope.$$phase) $rootScope.$apply();\n      isLoaded = true;\n    });\n  });\n}]);\n"]},"hash":"c805cf0edd8f14c69dbb14b3df0d8a00d5ba9bf8"}
