{"metadata":{"modules":{"imports":[],"exports":{"exported":[],"specifiers":[]}},"usedHelpers":[]},"ignored":false,"code":"/**\n * @summary Options to customize emails sent from the Accounts system.\n * @locus Server\n */\n\nfunction greet(welcomeMsg) {\n  return function (user, url) {\n    var greeting = user.profile && user.profile.name ? \"Hello \" + user.profile.name + \",\" : \"Hello,\";\n    return greeting + \"\\n\\n\" + welcomeMsg + \", simply click the link below.\\n\\n\" + url + \"\\n\\nThanks.\\n\";\n  };\n}\n\nAccounts.emailTemplates = {\n  from: \"Meteor Accounts <no-reply@meteor.com>\",\n  siteName: Meteor.absoluteUrl().replace(/^https?:\\/\\//, '').replace(/\\/$/, ''),\n\n  resetPassword: {\n    subject: function (user) {\n      return \"How to reset your password on \" + Accounts.emailTemplates.siteName;\n    },\n    text: function (user, url) {\n      var greeting = user.profile && user.profile.name ? \"Hello \" + user.profile.name + \",\" : \"Hello,\";\n      return greeting + \"\\n\\nTo reset your password, simply click the link below.\\n\\n\" + url + \"\\n\\nThanks.\\n\";\n    }\n  },\n  verifyEmail: {\n    subject: function (user) {\n      return \"How to verify email address on \" + Accounts.emailTemplates.siteName;\n    },\n    text: greet(\"To verify your account email\")\n  },\n  enrollAccount: {\n    subject: function (user) {\n      return \"An account has been created for you on \" + Accounts.emailTemplates.siteName;\n    },\n    text: greet(\"To start using the service\")\n  }\n};","ast":null,"map":{"version":3,"sources":["/email_templates.js"],"names":[],"mappings":";;;;;AAKA,SAAS,KAAK,CAAC,UAAU,EAAE;AACzB,SAAO,UAAS,IAAI,EAAE,GAAG,EAAE;AACvB,QAAI,QAAQ,GAAG,AAAC,IAAI,CAAC,OAAO,IAAI,IAAI,CAAC,OAAO,CAAC,IAAI,GAC1C,QAAQ,GAAG,IAAI,CAAC,OAAO,CAAC,IAAI,GAAG,GAAG,GAAI,QAAQ,CAAC;AACtD,WAAU,QAAQ,YAEtB,UAAU,0CAEV,GAAG,mBAGH;GACC,CAAC;CACH;;AAED,QAAQ,CAAC,cAAc,GAAG;AACxB,MAAI,EAAE,uCAAuC;AAC7C,UAAQ,EAAE,MAAM,CAAC,WAAW,EAAE,CAAC,OAAO,CAAC,cAAc,EAAE,EAAE,CAAC,CAAC,OAAO,CAAC,KAAK,EAAE,EAAE,CAAC;;AAE7E,eAAa,EAAE;AACb,WAAO,EAAE,UAAS,IAAI,EAAE;AACtB,aAAO,gCAAgC,GAAG,QAAQ,CAAC,cAAc,CAAC,QAAQ,CAAC;KAC5E;AACD,QAAI,EAAE,UAAS,IAAI,EAAE,GAAG,EAAE;AACxB,UAAI,QAAQ,GAAG,AAAC,IAAI,CAAC,OAAO,IAAI,IAAI,CAAC,OAAO,CAAC,IAAI,GAC1C,QAAQ,GAAG,IAAI,CAAC,OAAO,CAAC,IAAI,GAAG,GAAG,GAAI,QAAQ,CAAC;AACtD,aAAU,QAAQ,oEAItB,GAAG,mBAGH;KACG;GACF;AACD,aAAW,EAAE;AACX,WAAO,EAAE,UAAS,IAAI,EAAE;AACtB,aAAO,iCAAiC,GAAG,QAAQ,CAAC,cAAc,CAAC,QAAQ,CAAC;KAC7E;AACD,QAAI,EAAE,KAAK,CAAC,8BAA8B,CAAC;GAC5C;AACD,eAAa,EAAE;AACb,WAAO,EAAE,UAAS,IAAI,EAAE;AACtB,aAAO,yCAAyC,GAAG,QAAQ,CAAC,cAAc,CAAC,QAAQ,CAAC;KACrF;AACD,QAAI,EAAE,KAAK,CAAC,4BAA4B,CAAC;GAC1C;CACF,CAAC","file":"/email_templates.js.map","sourcesContent":["/**\n * @summary Options to customize emails sent from the Accounts system.\n * @locus Server\n */\n\nfunction greet(welcomeMsg) {\n  return function(user, url) {\n      var greeting = (user.profile && user.profile.name) ?\n            (\"Hello \" + user.profile.name + \",\") : \"Hello,\";\n      return `${greeting}\n\n${welcomeMsg}, simply click the link below.\n\n${url}\n\nThanks.\n`;\n  };\n}\n\nAccounts.emailTemplates = {\n  from: \"Meteor Accounts <no-reply@meteor.com>\",\n  siteName: Meteor.absoluteUrl().replace(/^https?:\\/\\//, '').replace(/\\/$/, ''),\n\n  resetPassword: {\n    subject: function(user) {\n      return \"How to reset your password on \" + Accounts.emailTemplates.siteName;\n    },\n    text: function(user, url) {\n      var greeting = (user.profile && user.profile.name) ?\n            (\"Hello \" + user.profile.name + \",\") : \"Hello,\";\n      return `${greeting}\n\nTo reset your password, simply click the link below.\n\n${url}\n\nThanks.\n`;\n    }\n  },\n  verifyEmail: {\n    subject: function(user) {\n      return \"How to verify email address on \" + Accounts.emailTemplates.siteName;\n    },\n    text: greet(\"To verify your account email\")\n  },\n  enrollAccount: {\n    subject: function(user) {\n      return \"An account has been created for you on \" + Accounts.emailTemplates.siteName;\n    },\n    text: greet(\"To start using the service\")\n  }\n};\n"]},"hash":"fce13042290aa0e065bbb71a0ae681aa0e92ee62"}
